route,viewport_width,passed,visible_images,overflow_px,page_exceptions,console_errors,source_commit,workflow_run
/,320,True,16,0,0,0,42c6a585a6541ed8d12613697952f055a662daed,34520565752
/,390,True,16,0,0,0,42c6a585a6541ed8d12613697952f055a662daed,34520565752
/,430,True,16,0,0,0,42c6a585a6541ed8d12613697952f055a662daed,34520565752
/,600,True,16,0,0,0,42c6a585a6541ed8d12613697952f055a662daed,34520565752
/,768,True,16,0,0,0,42c6a585a6541ed8d12613697952f055a662daed,34520565752
/,1024,True,17,0,0,0,42c6a585a6541ed8d12613697952f055a662daed,34520565752
/,1366,True,17,0,0,0,42c6a585a6541ed8d12613697952f055a662daed,34520565752
/,1440,True,17,0,0,0,42c6a585a6541ed8d12613697952f055a662daed,34520565752
/,1920,True,17,0,0,0,42c6a585a6541ed8d12613697952f055a662daed,34520565752
/about,320,True,6,0,0,0,42c6a585a6541ed8d12613697952f055a662daed,34520565752
/about,390,True,6,0,0,0,42c6a585a6541ed8d12613697952f055a662daed,34520565752
/about,430,True,6,0,0,0,42c6a585a6541ed8d12613697952f055a662daed,34520565752
/about,600,True,6,0,0,0,42c6a585a6541ed8d12613697952f055a662daed,34520565752
/about,768,True,6,0,0,0,42c6a585a6541ed8d12613697952f055a662daed,34520565752
/about,1024,True,7,0,0,0,42c6a585a6541ed8d12613697952f055a662daed,34520565752
/about,1366,True,7,0,0,0,42c6a585a6541ed8d12613697952f055a662daed,34520565752
/about,1440,True,7,0,0,0,42c6a585a6541ed8d12613697952f055a662daed,34520565752
/about,1920,True,7,0,0,0,42c6a585a6541ed8d12613697952f055a662daed,34520565752
/accessories,320,True,9,0,0,0,42c6a585a6541ed8d12613697952f055a662daed,34520565752
/accessories,390,True,9,0,0,0,42c6a585a6541ed8d12613697952f055a662daed,34520565752
/accessories,430,True,9,0,0,0,42c6a585a6541ed8d12613697952f055a662daed,34520565752
/accessories,600,True,9,0,0,0,42c6a585a6541ed8d12613697952f055a662daed,34520565752
/accessories,768,True,9,0,0,0,42c6a585a6541ed8d12613697952f055a662daed,34520565752
/accessories,1024,True,9,0,0,0,42c6a585a6541ed8d12613697952f055a662daed,34520565752
/accessories,1366,True,9,0,0,0,42c6a585a6541ed8d12613697952f055a662daed,34520565752
/accessories,1440,True,9,0,0,0,42c6a585a6541ed8d12613697952f055a662daed,34520565752
/accessories,1920,True,9,0,0,0,42c6a585a6541ed8d12613697952f055a662daed,34520565752
/blog,320,True,12,0,0,0,42c6a585a6541ed8d12613697952f055a662daed,34520565752
/blog,390,True,12,0,0,0,42c6a585a6541ed8d12613697952f055a662daed,34520565752
/blog,430,True,12,0,0,0,42c6a585a6541ed8d12613697952f055a662daed,34520565752
/blog,600,True,12,0,0,0,42c6a585a6541ed8d12613697952f055a662daed,34520565752
/blog,768,True,12,0,0,0,42c6a585a6541ed8d12613697952f055a662daed,34520565752
/blog,1024,True,12,0,0,0,42c6a585a6541ed8d12613697952f055a662daed,34520565752
/blog,1366,True,12,0,0,0,42c6a585a6541ed8d12613697952f055a662daed,34520565752
/blog,1440,True,12,0,0,0,42c6a585a6541ed8d12613697952f055a662daed,34520565752
/blog,1920,True,12,0,0,0,42c6a585a6541ed8d12613697952f055a662daed,34520565752
/blog/accessible-bathroom-vanity-guide,320,True,3,0,0,0,42c6a585a6541ed8d12613697952f055a662daed,34520565752
/blog/accessible-bathroom-vanity-guide,390,True,3,0,0,0,42c6a585a6541ed8d12613697952f055a662daed,34520565752
/blog/accessible-bathroom-vanity-guide,430,True,3,0,0,0,42c6a585a6541ed8d12613697952f055a662daed,34520565752
/blog/accessible-bathroom-vanity-guide,600,True,3,0,0,0,42c6a585a6541ed8d12613697952f055a662daed,34520565752
/blog/accessible-bathroom-vanity-guide,768,True,3,0,0,0,42c6a585a6541ed8d12613697952f055a662daed,34520565752
/blog/accessible-bathroom-vanity-guide,1024,True,3,0,0,0,42c6a585a6541ed8d12613697952f055a662daed,34520565752
/blog/accessible-bathroom-vanity-guide,1366,True,3,0,0,0,42c6a585a6541ed8d12613697952f055a662daed,34520565752
/blog/accessible-bathroom-vanity-guide,1440,True,3,0,0,0,42c6a585a6541ed8d12613697952f055a662daed,34520565752
/blog/accessible-bathroom-vanity-guide,1920,True,3,0,0,0,42c6a585a6541ed8d12613697952f055a662daed,34520565752
/blog/bathroom-vanity-buying-guide,320,True,3,0,0,0,42c6a585a6541ed8d12613697952f055a662daed,34520565752
/blog/bathroom-vanity-buying-guide,390,True,3,0,0,0,42c6a585a6541ed8d12613697952f055a662daed,34520565752
/blog/bathroom-vanity-buying-guide,430,True,3,0,0,0,42c6a585a6541ed8d12613697952f055a662daed,34520565752
/blog/bathroom-vanity-buying-guide,600,True,3,0,0,0,42c6a585a6541ed8d12613697952f055a662daed,34520565752
/blog/bathroom-vanity-buying-guide,768,True,3,0,0,0,42c6a585a6541ed8d12613697952f055a662daed,34520565752
/blog/bathroom-vanity-buying-guide,1024,True,3,0,0,0,42c6a585a6541ed8d12613697952f055a662daed,34520565752
/blog/bathroom-vanity-buying-guide,1366,True,3,0,0,0,42c6a585a6541ed8d12613697952f055a662daed,34520565752
/blog/bathroom-vanity-buying-guide,1440,True,3,0,0,0,42c6a585a6541ed8d12613697952f055a662daed,34520565752
/blog/bathroom-vanity-buying-guide,1920,True,3,0,0,0,42c6a585a6541ed8d12613697952f055a662daed,34520565752
/blog/bathroom-vanity-cost-boise,320,True,3,0,0,0,42c6a585a6541ed8d12613697952f055a662daed,34520565752
/blog/bathroom-vanity-cost-boise,390,True,3,0,0,0,42c6a585a6541ed8d12613697952f055a662daed,34520565752
/blog/bathroom-vanity-cost-boise,430,True,3,0,0,0,42c6a585a6541ed8d12613697952f055a662daed,34520565752
/blog/bathroom-vanity-cost-boise,600,True,3,0,0,0,42c6a585a6541ed8d12613697952f055a662daed,34520565752
/blog/bathroom-vanity-cost-boise,768,True,3,0,0,0,42c6a585a6541ed8d12613697952f055a662daed,34520565752
/blog/bathroom-vanity-cost-boise,1024,True,3,0,0,0,42c6a585a6541ed8d12613697952f055a662daed,34520565752
/blog/bathroom-vanity-cost-boise,1366,True,3,0,0,0,42c6a585a6541ed8d12613697952f055a662daed,34520565752
/blog/bathroom-vanity-cost-boise,1440,True,3,0,0,0,42c6a585a6541ed8d12613697952f055a662daed,34520565752
/blog/bathroom-vanity-cost-boise,1920,True,3,0,0,0,42c6a585a6541ed8d12613697952f055a662daed,34520565752
/blog/bathroom-vanity-layout-guide,320,True,3,0,0,0,42c6a585a6541ed8d12613697952f055a662daed,34520565752
/blog/bathroom-vanity-layout-guide,390,True,3,0,0,0,42c6a585a6541ed8d12613697952f055a662daed,34520565752
/blog/bathroom-vanity-layout-guide,430,True,3,0,0,0,42c6a585a6541ed8d12613697952f055a662daed,34520565752
/blog/bathroom-vanity-layout-guide,600,True,3,0,0,0,42c6a585a6541ed8d12613697952f055a662daed,34520565752
/blog/bathroom-vanity-layout-guide,768,True,3,0,0,0,42c6a585a6541ed8d12613697952f055a662daed,34520565752
/blog/bathroom-vanity-layout-guide,1024,True,3,0,0,0,42c6a585a6541ed8d12613697952f055a662daed,34520565752
/blog/bathroom-vanity-layout-guide,1366,True,3,0,0,0,42c6a585a6541ed8d12613697952f055a662daed,34520565752
/blog/bathroom-vanity-layout-guide,1440,True,3,0,0,0,42c6a585a6541ed8d12613697952f055a662daed,34520565752
/blog/bathroom-vanity-layout-guide,1920,True,3,0,0,0,42c6a585a6541ed8d12613697952f055a662daed,34520565752
/blog/bathroom-vanity-roi-boise,320,True,3,0,0,0,42c6a585a6541ed8d12613697952f055a662daed,34520565752
/blog/bathroom-vanity-roi-boise,390,True,3,0,0,0,42c6a585a6541ed8d12613697952f055a662daed,34520565752
/blog/bathroom-vanity-roi-boise,430,True,3,0,0,0,42c6a585a6541ed8d12613697952f055a662daed,34520565752
/blog/bathroom-vanity-roi-boise,600,True,3,0,0,0,42c6a585a6541ed8d12613697952f055a662daed,34520565752
/blog/bathroom-vanity-roi-boise,768,True,3,0,0,0,42c6a585a6541ed8d12613697952f055a662daed,34520565752
/blog/bathroom-vanity-roi-boise,1024,True,3,0,0,0,42c6a585a6541ed8d12613697952f055a662daed,34520565752
/blog/bathroom-vanity-roi-boise,1366,True,3,0,0,0,42c6a585a6541ed8d12613697952f055a662daed,34520565752
/blog/bathroom-vanity-roi-boise,1440,True,3,0,0,0,42c6a585a6541ed8d12613697952f055a662daed,34520565752
/blog/bathroom-vanity-roi-boise,1920,True,3,0,0,0,42c6a585a6541ed8d12613697952f055a662daed,34520565752
/blog/best-kitchen-cabinet-colors,320,True,3,0,0,0,42c6a585a6541ed8d12613697952f055a662daed,34520565752
/blog/best-kitchen-cabinet-colors,390,True,3,0,0,0,42c6a585a6541ed8d12613697952f055a662daed,34520565752
/blog/best-kitchen-cabinet-colors,430,True,3,0,0,0,42c6a585a6541ed8d12613697952f055a662daed,34520565752
/blog/best-kitchen-cabinet-colors,600,True,3,0,0,0,42c6a585a6541ed8d12613697952f055a662daed,34520565752
/blog/best-kitchen-cabinet-colors,768,True,3,0,0,0,42c6a585a6541ed8d12613697952f055a662daed,34520565752
/blog/best-kitchen-cabinet-colors,1024,True,3,0,0,0,42c6a585a6541ed8d12613697952f055a662daed,34520565752
/blog/best-kitchen-cabinet-colors,1366,True,3,0,0,0,42c6a585a6541ed8d12613697952f055a662daed,34520565752
/blog/best-kitchen-cabinet-colors,1440,True,3,0,0,0,42c6a585a6541ed8d12613697952f055a662daed,34520565752
/blog/best-kitchen-cabinet-colors,1920,True,3,0,0,0,42c6a585a6541ed8d12613697952f055a662daed,34520565752
/blog/best-wood-for-kitchen-cabinets,320,True,3,0,0,0,42c6a585a6541ed8d12613697952f055a662daed,34520565752
/blog/best-wood-for-kitchen-cabinets,390,True,3,0,0,0,42c6a585a6541ed8d12613697952f055a662daed,34520565752
/blog/best-wood-for-kitchen-cabinets,430,True,3,0,0,0,42c6a585a6541ed8d12613697952f055a662daed,34520565752
/blog/best-wood-for-kitchen-cabinets,600,True,3,0,0,0,42c6a585a6541ed8d12613697952f055a662daed,34520565752
/blog/best-wood-for-kitchen-cabinets,768,True,3,0,0,0,42c6a585a6541ed8d12613697952f055a662daed,34520565752
/blog/best-wood-for-kitchen-cabinets,1024,True,3,0,0,0,42c6a585a6541ed8d12613697952f055a662daed,34520565752
/blog/best-wood-for-kitchen-cabinets,1366,True,3,0,0,0,42c6a585a6541ed8d12613697952f055a662daed,34520565752
/blog/best-wood-for-kitchen-cabinets,1440,True,3,0,0,0,42c6a585a6541ed8d12613697952f055a662daed,34520565752
/blog/best-wood-for-kitchen-cabinets,1920,True,3,0,0,0,42c6a585a6541ed8d12613697952f055a662daed,34520565752
/blog/built-in-storage-roi,320,True,3,0,0,0,42c6a585a6541ed8d12613697952f055a662daed,34520565752
/blog/built-in-storage-roi,390,True,3,0,0,0,42c6a585a6541ed8d12613697952f055a662daed,34520565752
/blog/built-in-storage-roi,430,True,3,0,0,0,42c6a585a6541ed8d12613697952f055a662daed,34520565752
/blog/built-in-storage-roi,600,True,3,0,0,0,42c6a585a6541ed8d12613697952f055a662daed,34520565752
/blog/built-in-storage-roi,768,True,3,0,0,0,42c6a585a6541ed8d12613697952f055a662daed,34520565752
/blog/built-in-storage-roi,1024,True,3,0,0,0,42c6a585a6541ed8d12613697952f055a662daed,34520565752
/blog/built-in-storage-roi,1366,True,3,0,0,0,42c6a585a6541ed8d12613697952f055a662daed,34520565752
/blog/built-in-storage-roi,1440,True,3,0,0,0,42c6a585a6541ed8d12613697952f055a662daed,34520565752
/blog/built-in-storage-roi,1920,True,3,0,0,0,42c6a585a6541ed8d12613697952f055a662daed,34520565752
/blog/cabinet-buying-mistakes,320,True,3,0,0,0,42c6a585a6541ed8d12613697952f055a662daed,34520565752
/blog/cabinet-buying-mistakes,390,True,3,0,0,0,42c6a585a6541ed8d12613697952f055a662daed,34520565752
/blog/cabinet-buying-mistakes,430,True,3,0,0,0,42c6a585a6541ed8d12613697952f055a662daed,34520565752
/blog/cabinet-buying-mistakes,600,True,3,0,0,0,42c6a585a6541ed8d12613697952f055a662daed,34520565752
/blog/cabinet-buying-mistakes,768,True,3,0,0,0,42c6a585a6541ed8d12613697952f055a662daed,34520565752
/blog/cabinet-buying-mistakes,1024,True,3,0,0,0,42c6a585a6541ed8d12613697952f055a662daed,34520565752
/blog/cabinet-buying-mistakes,1366,True,3,0,0,0,42c6a585a6541ed8d12613697952f055a662daed,34520565752
/blog/cabinet-buying-mistakes,1440,True,3,0,0,0,42c6a585a6541ed8d12613697952f055a662daed,34520565752
/blog/cabinet-buying-mistakes,1920,True,3,0,0,0,42c6a585a6541ed8d12613697952f055a662daed,34520565752
/blog/cabinet-company-red-flags,320,True,3,0,0,0,42c6a585a6541ed8d12613697952f055a662daed,34520565752
/blog/cabinet-company-red-flags,390,True,3,0,0,0,42c6a585a6541ed8d12613697952f055a662daed,34520565752
/blog/cabinet-company-red-flags,430,True,3,0,0,0,42c6a585a6541ed8d12613697952f055a662daed,34520565752
/blog/cabinet-company-red-flags,600,True,3,0,0,0,42c6a585a6541ed8d12613697952f055a662daed,34520565752
/blog/cabinet-company-red-flags,768,True,3,0,0,0,42c6a585a6541ed8d12613697952f055a662daed,34520565752
/blog/cabinet-company-red-flags,1024,True,3,0,0,0,42c6a585a6541ed8d12613697952f055a662daed,34520565752
/blog/cabinet-company-red-flags,1366,True,3,0,0,0,42c6a585a6541ed8d12613697952f055a662daed,34520565752
/blog/cabinet-company-red-flags,1440,True,3,0,0,0,42c6a585a6541ed8d12613697952f055a662daed,34520565752
/blog/cabinet-company-red-flags,1920,True,3,0,0,0,42c6a585a6541ed8d12613697952f055a662daed,34520565752
/blog/cabinet-construction-quality-guide,320,True,3,0,0,0,42c6a585a6541ed8d12613697952f055a662daed,34520565752
/blog/cabinet-construction-quality-guide,390,True,3,0,0,0,42c6a585a6541ed8d12613697952f055a662daed,34520565752
/blog/cabinet-construction-quality-guide,430,True,3,0,0,0,42c6a585a6541ed8d12613697952f055a662daed,34520565752
/blog/cabinet-construction-quality-guide,600,True,3,0,0,0,42c6a585a6541ed8d12613697952f055a662daed,34520565752
/blog/cabinet-construction-quality-guide,768,True,3,0,0,0,42c6a585a6541ed8d12613697952f055a662daed,34520565752
/blog/cabinet-construction-quality-guide,1024,True,3,0,0,0,42c6a585a6541ed8d12613697952f055a662daed,34520565752
/blog/cabinet-construction-quality-guide,1366,True,3,0,0,0,42c6a585a6541ed8d12613697952f055a662daed,34520565752
/blog/cabinet-construction-quality-guide,1440,True,3,0,0,0,42c6a585a6541ed8d12613697952f055a662daed,34520565752
/blog/cabinet-construction-quality-guide,1920,True,3,0,0,0,42c6a585a6541ed8d12613697952f055a662daed,34520565752
/blog/cabinet-consultation-process,320,True,3,0,0,0,42c6a585a6541ed8d12613697952f055a662daed,34520565752
/blog/cabinet-consultation-process,390,True,3,0,0,0,42c6a585a6541ed8d12613697952f055a662daed,34520565752
/blog/cabinet-consultation-process,430,True,3,0,0,0,42c6a585a6541ed8d12613697952f055a662daed,34520565752
/blog/cabinet-consultation-process,600,True,3,0,0,0,42c6a585a6541ed8d12613697952f055a662daed,34520565752
/blog/cabinet-consultation-process,768,True,3,0,0,0,42c6a585a6541ed8d12613697952f055a662daed,34520565752
/blog/cabinet-consultation-process,1024,True,3,0,0,0,42c6a585a6541ed8d12613697952f055a662daed,34520565752
/blog/cabinet-consultation-process,1366,True,3,0,0,0,42c6a585a6541ed8d12613697952f055a662daed,34520565752
/blog/cabinet-consultation-process,1440,True,3,0,0,0,42c6a585a6541ed8d12613697952f055a662daed,34520565752
/blog/cabinet-consultation-process,1920,True,3,0,0,0,42c6a585a6541ed8d12613697952f055a662daed,34520565752
/blog/cabinet-cost-per-linear-foot,320,True,3,0,0,0,42c6a585a6541ed8d12613697952f055a662daed,34520565752
/blog/cabinet-cost-per-linear-foot,390,True,3,0,0,0,42c6a585a6541ed8d12613697952f055a662daed,34520565752
/blog/cabinet-cost-per-linear-foot,430,True,3,0,0,0,42c6a585a6541ed8d12613697952f055a662daed,34520565752
/blog/cabinet-cost-per-linear-foot,600,True,3,0,0,0,42c6a585a6541ed8d12613697952f055a662daed,34520565752
/blog/cabinet-cost-per-linear-foot,768,True,3,0,0,0,42c6a585a6541ed8d12613697952f055a662daed,34520565752
/blog/cabinet-cost-per-linear-foot,1024,True,3,0,0,0,42c6a585a6541ed8d12613697952f055a662daed,34520565752
/blog/cabinet-cost-per-linear-foot,1366,True,3,0,0,0,42c6a585a6541ed8d12613697952f055a662daed,34520565752
/blog/cabinet-cost-per-linear-foot,1440,True,3,0,0,0,42c6a585a6541ed8d12613697952f055a662daed,34520565752
/blog/cabinet-cost-per-linear-foot,1920,True,3,0,0,0,42c6a585a6541ed8d12613697952f055a662daed,34520565752
/blog/cabinet-design-development,320,True,3,0,0,0,a6174fa6f51f5a3d5901e0b786a73154b827440f,34524608499
/blog/cabinet-design-development,390,True,3,0,0,0,a6174fa6f51f5a3d5901e0b786a73154b827440f,34524608499
/blog/cabinet-design-development,430,True,3,0,0,0,a6174fa6f51f5a3d5901e0b786a73154b827440f,34524608499
/blog/cabinet-design-development,600,True,3,0,0,0,a6174fa6f51f5a3d5901e0b786a73154b827440f,34524608499
/blog/cabinet-design-development,768,True,3,0,0,0,a6174fa6f51f5a3d5901e0b786a73154b827440f,34524608499
/blog/cabinet-design-development,1024,True,3,0,0,0,a6174fa6f51f5a3d5901e0b786a73154b827440f,34524608499
/blog/cabinet-design-development,1366,True,3,0,0,0,a6174fa6f51f5a3d5901e0b786a73154b827440f,34524608499
/blog/cabinet-design-development,1440,True,3,0,0,0,a6174fa6f51f5a3d5901e0b786a73154b827440f,34524608499
/blog/cabinet-design-development,1920,True,3,0,0,0,a6174fa6f51f5a3d5901e0b786a73154b827440f,34524608499
/blog/cabinet-door-styles-guide,320,True,3,0,0,0,42c6a585a6541ed8d12613697952f055a662daed,34520565752
/blog/cabinet-door-styles-guide,390,True,3,0,0,0,42c6a585a6541ed8d12613697952f055a662daed,34520565752
/blog/cabinet-door-styles-guide,430,True,3,0,0,0,42c6a585a6541ed8d12613697952f055a662daed,34520565752
/blog/cabinet-door-styles-guide,600,True,3,0,0,0,42c6a585a6541ed8d12613697952f055a662daed,34520565752
/blog/cabinet-door-styles-guide,768,True,3,0,0,0,42c6a585a6541ed8d12613697952f055a662daed,34520565752
/blog/cabinet-door-styles-guide,1024,True,3,0,0,0,42c6a585a6541ed8d12613697952f055a662daed,34520565752
/blog/cabinet-door-styles-guide,1366,True,3,0,0,0,42c6a585a6541ed8d12613697952f055a662daed,34520565752
/blog/cabinet-door-styles-guide,1440,True,3,0,0,0,42c6a585a6541ed8d12613697952f055a662daed,34520565752
/blog/cabinet-door-styles-guide,1920,True,3,0,0,0,42c6a585a6541ed8d12613697952f055a662daed,34520565752
/blog/cabinet-fabrication-installation,320,True,3,0,0,0,42c6a585a6541ed8d12613697952f055a662daed,34520565752
/blog/cabinet-fabrication-installation,390,True,3,0,0,0,42c6a585a6541ed8d12613697952f055a662daed,34520565752
/blog/cabinet-fabrication-installation,430,True,3,0,0,0,42c6a585a6541ed8d12613697952f055a662daed,34520565752
/blog/cabinet-fabrication-installation,600,True,3,0,0,0,42c6a585a6541ed8d12613697952f055a662daed,34520565752
/blog/cabinet-fabrication-installation,768,True,3,0,0,0,42c6a585a6541ed8d12613697952f055a662daed,34520565752
/blog/cabinet-fabrication-installation,1024,True,3,0,0,0,42c6a585a6541ed8d12613697952f055a662daed,34520565752
/blog/cabinet-fabrication-installation,1366,True,3,0,0,0,42c6a585a6541ed8d12613697952f055a662daed,34520565752
/blog/cabinet-fabrication-installation,1440,True,3,0,0,0,42c6a585a6541ed8d12613697952f055a662daed,34520565752
/blog/cabinet-fabrication-installation,1920,True,3,0,0,0,42c6a585a6541ed8d12613697952f055a662daed,34520565752
/blog/cabinet-finishes-colors-guide,320,True,3,0,0,0,42c6a585a6541ed8d12613697952f055a662daed,34520565752
/blog/cabinet-finishes-colors-guide,390,True,3,0,0,0,42c6a585a6541ed8d12613697952f055a662daed,34520565752
/blog/cabinet-finishes-colors-guide,430,True,3,0,0,0,42c6a585a6541ed8d12613697952f055a662daed,34520565752
/blog/cabinet-finishes-colors-guide,600,True,3,0,0,0,42c6a585a6541ed8d12613697952f055a662daed,34520565752
/blog/cabinet-finishes-colors-guide,768,True,3,0,0,0,42c6a585a6541ed8d12613697952f055a662daed,34520565752
/blog/cabinet-finishes-colors-guide,1024,True,3,0,0,0,42c6a585a6541ed8d12613697952f055a662daed,34520565752
/blog/cabinet-finishes-colors-guide,1366,True,3,0,0,0,42c6a585a6541ed8d12613697952f055a662daed,34520565752
/blog/cabinet-finishes-colors-guide,1440,True,3,0,0,0,42c6a585a6541ed8d12613697952f055a662daed,34520565752
/blog/cabinet-finishes-colors-guide,1920,True,3,0,0,0,42c6a585a6541ed8d12613697952f055a662daed,34520565752
/blog/cabinet-finishes-door-styles-guide,320,True,3,0,0,0,42c6a585a6541ed8d12613697952f055a662daed,34520565752
/blog/cabinet-finishes-door-styles-guide,390,True,3,0,0,0,42c6a585a6541ed8d12613697952f055a662daed,34520565752
/blog/cabinet-finishes-door-styles-guide,430,True,3,0,0,0,42c6a585a6541ed8d12613697952f055a662daed,34520565752
/blog/cabinet-finishes-door-styles-guide,600,True,3,0,0,0,42c6a585a6541ed8d12613697952f055a662daed,34520565752
/blog/cabinet-finishes-door-styles-guide,768,True,3,0,0,0,42c6a585a6541ed8d12613697952f055a662daed,34520565752
/blog/cabinet-finishes-door-styles-guide,1024,True,3,0,0,0,42c6a585a6541ed8d12613697952f055a662daed,34520565752
/blog/cabinet-finishes-door-styles-guide,1366,True,3,0,0,0,42c6a585a6541ed8d12613697952f055a662daed,34520565752
/blog/cabinet-finishes-door-styles-guide,1440,True,3,0,0,0,42c6a585a6541ed8d12613697952f055a662daed,34520565752
/blog/cabinet-finishes-door-styles-guide,1920,True,3,0,0,0,42c6a585a6541ed8d12613697952f055a662daed,34520565752
/blog/cabinet-hardware-guide,320,True,3,0,0,0,42c6a585a6541ed8d12613697952f055a662daed,34520565752
/blog/cabinet-hardware-guide,390,True,3,0,0,0,42c6a585a6541ed8d12613697952f055a662daed,34520565752
/blog/cabinet-hardware-guide,430,True,3,0,0,0,42c6a585a6541ed8d12613697952f055a662daed,34520565752
/blog/cabinet-hardware-guide,600,True,3,0,0,0,42c6a585a6541ed8d12613697952f055a662daed,34520565752
/blog/cabinet-hardware-guide,768,True,3,0,0,0,42c6a585a6541ed8d12613697952f055a662daed,34520565752
/blog/cabinet-hardware-guide,1024,True,3,0,0,0,42c6a585a6541ed8d12613697952f055a662daed,34520565752
/blog/cabinet-hardware-guide,1366,True,3,0,0,0,42c6a585a6541ed8d12613697952f055a662daed,34520565752
/blog/cabinet-hardware-guide,1440,True,3,0,0,0,42c6a585a6541ed8d12613697952f055a662daed,34520565752
/blog/cabinet-hardware-guide,1920,True,3,0,0,0,42c6a585a6541ed8d12613697952f055a662daed,34520565752
/blog/cabinet-installation-punch-list,320,True,3,0,0,0,42c6a585a6541ed8d12613697952f055a662daed,34520565752
/blog/cabinet-installation-punch-list,390,True,3,0,0,0,42c6a585a6541ed8d12613697952f055a662daed,34520565752
/blog/cabinet-installation-punch-list,430,True,3,0,0,0,42c6a585a6541ed8d12613697952f055a662daed,34520565752
/blog/cabinet-installation-punch-list,600,True,3,0,0,0,42c6a585a6541ed8d12613697952f055a662daed,34520565752
/blog/cabinet-installation-punch-list,768,True,3,0,0,0,42c6a585a6541ed8d12613697952f055a662daed,34520565752
/blog/cabinet-installation-punch-list,1024,True,3,0,0,0,42c6a585a6541ed8d12613697952f055a662daed,34520565752
/blog/cabinet-installation-punch-list,1366,True,3,0,0,0,42c6a585a6541ed8d12613697952f055a662daed,34520565752
/blog/cabinet-installation-punch-list,1440,True,3,0,0,0,42c6a585a6541ed8d12613697952f055a662daed,34520565752
/blog/cabinet-installation-punch-list,1920,True,3,0,0,0,42c6a585a6541ed8d12613697952f055a662daed,34520565752
/blog/cabinet-measurement-design-phase,320,True,3,0,0,0,42c6a585a6541ed8d12613697952f055a662daed,34520565752
/blog/cabinet-measurement-design-phase,390,True,3,0,0,0,42c6a585a6541ed8d12613697952f055a662daed,34520565752
/blog/cabinet-measurement-design-phase,430,True,3,0,0,0,42c6a585a6541ed8d12613697952f055a662daed,34520565752
/blog/cabinet-measurement-design-phase,600,True,3,0,0,0,42c6a585a6541ed8d12613697952f055a662daed,34520565752
/blog/cabinet-measurement-design-phase,768,True,3,0,0,0,42c6a585a6541ed8d12613697952f055a662daed,34520565752
/blog/cabinet-measurement-design-phase,1024,True,3,0,0,0,42c6a585a6541ed8d12613697952f055a662daed,34520565752
/blog/cabinet-measurement-design-phase,1366,True,3,0,0,0,42c6a585a6541ed8d12613697952f055a662daed,34520565752
/blog/cabinet-measurement-design-phase,1440,True,3,0,0,0,42c6a585a6541ed8d12613697952f055a662daed,34520565752
/blog/cabinet-measurement-design-phase,1920,True,3,0,0,0,42c6a585a6541ed8d12613697952f055a662daed,34520565752
/blog/cabinet-planning-checklist,320,True,3,0,0,0,42c6a585a6541ed8d12613697952f055a662daed,34520565752
/blog/cabinet-planning-checklist,390,True,3,0,0,0,42c6a585a6541ed8d12613697952f055a662daed,34520565752
/blog/cabinet-planning-checklist,430,True,3,0,0,0,42c6a585a6541ed8d12613697952f055a662daed,34520565752
/blog/cabinet-planning-checklist,600,True,3,0,0,0,42c6a585a6541ed8d12613697952f055a662daed,34520565752
/blog/cabinet-planning-checklist,768,True,3,0,0,0,42c6a585a6541ed8d12613697952f055a662daed,34520565752
/blog/cabinet-planning-checklist,1024,True,3,0,0,0,42c6a585a6541ed8d12613697952f055a662daed,34520565752
/blog/cabinet-planning-checklist,1366,True,3,0,0,0,42c6a585a6541ed8d12613697952f055a662daed,34520565752
/blog/cabinet-planning-checklist,1440,True,3,0,0,0,42c6a585a6541ed8d12613697952f055a662daed,34520565752
/blog/cabinet-planning-checklist,1920,True,3,0,0,0,42c6a585a6541ed8d12613697952f055a662daed,34520565752
/blog/cabinet-project-planning-guide,320,True,3,0,0,0,42c6a585a6541ed8d12613697952f055a662daed,34520565752
/blog/cabinet-project-planning-guide,390,True,3,0,0,0,42c6a585a6541ed8d12613697952f055a662daed,34520565752
/blog/cabinet-project-planning-guide,430,True,3,0,0,0,42c6a585a6541ed8d12613697952f055a662daed,34520565752
/blog/cabinet-project-planning-guide,600,True,3,0,0,0,42c6a585a6541ed8d12613697952f055a662daed,34520565752
/blog/cabinet-project-planning-guide,768,True,3,0,0,0,42c6a585a6541ed8d12613697952f055a662daed,34520565752
/blog/cabinet-project-planning-guide,1024,True,3,0,0,0,42c6a585a6541ed8d12613697952f055a662daed,34520565752
/blog/cabinet-project-planning-guide,1366,True,3,0,0,0,42c6a585a6541ed8d12613697952f055a662daed,34520565752
/blog/cabinet-project-planning-guide,1440,True,3,0,0,0,42c6a585a6541ed8d12613697952f055a662daed,34520565752
/blog/cabinet-project-planning-guide,1920,True,3,0,0,0,42c6a585a6541ed8d12613697952f055a662daed,34520565752
/blog/cabinet-refacing-vs-refinishing-vs-replacing,320,True,3,0,0,0,42c6a585a6541ed8d12613697952f055a662daed,34520565752
/blog/cabinet-refacing-vs-refinishing-vs-replacing,390,True,3,0,0,0,42c6a585a6541ed8d12613697952f055a662daed,34520565752
/blog/cabinet-refacing-vs-refinishing-vs-replacing,430,True,3,0,0,0,42c6a585a6541ed8d12613697952f055a662daed,34520565752
/blog/cabinet-refacing-vs-refinishing-vs-replacing,600,True,3,0,0,0,42c6a585a6541ed8d12613697952f055a662daed,34520565752
/blog/cabinet-refacing-vs-refinishing-vs-replacing,768,True,3,0,0,0,42c6a585a6541ed8d12613697952f055a662daed,34520565752
/blog/cabinet-refacing-vs-refinishing-vs-replacing,1024,True,3,0,0,0,42c6a585a6541ed8d12613697952f055a662daed,34520565752
/blog/cabinet-refacing-vs-refinishing-vs-replacing,1366,True,3,0,0,0,42c6a585a6541ed8d12613697952f055a662daed,34520565752
/blog/cabinet-refacing-vs-refinishing-vs-replacing,1440,True,3,0,0,0,42c6a585a6541ed8d12613697952f055a662daed,34520565752
/blog/cabinet-refacing-vs-refinishing-vs-replacing,1920,True,3,0,0,0,42c6a585a6541ed8d12613697952f055a662daed,34520565752
/blog/cabinet-refresh-vs-replace-vs-moving,320,True,3,0,0,0,42c6a585a6541ed8d12613697952f055a662daed,34520565752
/blog/cabinet-refresh-vs-replace-vs-moving,390,True,3,0,0,0,42c6a585a6541ed8d12613697952f055a662daed,34520565752
/blog/cabinet-refresh-vs-replace-vs-moving,430,True,3,0,0,0,42c6a585a6541ed8d12613697952f055a662daed,34520565752
/blog/cabinet-refresh-vs-replace-vs-moving,600,True,3,0,0,0,42c6a585a6541ed8d12613697952f055a662daed,34520565752
/blog/cabinet-refresh-vs-replace-vs-moving,768,True,3,0,0,0,42c6a585a6541ed8d12613697952f055a662daed,34520565752
/blog/cabinet-refresh-vs-replace-vs-moving,1024,True,3,0,0,0,42c6a585a6541ed8d12613697952f055a662daed,34520565752
/blog/cabinet-refresh-vs-replace-vs-moving,1366,True,3,0,0,0,42c6a585a6541ed8d12613697952f055a662daed,34520565752
/blog/cabinet-refresh-vs-replace-vs-moving,1440,True,3,0,0,0,42c6a585a6541ed8d12613697952f055a662daed,34520565752
/blog/cabinet-refresh-vs-replace-vs-moving,1920,True,3,0,0,0,42c6a585a6541ed8d12613697952f055a662daed,34520565752
/blog/cabinet-upgrades-before-selling,320,True,3,0,0,0,42c6a585a6541ed8d12613697952f055a662daed,34520565752
/blog/cabinet-upgrades-before-selling,390,True,3,0,0,0,42c6a585a6541ed8d12613697952f055a662daed,34520565752
/blog/cabinet-upgrades-before-selling,430,True,3,0,0,0,42c6a585a6541ed8d12613697952f055a662daed,34520565752
/blog/cabinet-upgrades-before-selling,600,True,3,0,0,0,42c6a585a6541ed8d12613697952f055a662daed,34520565752
/blog/cabinet-upgrades-before-selling,768,True,3,0,0,0,42c6a585a6541ed8d12613697952f055a662daed,34520565752
/blog/cabinet-upgrades-before-selling,1024,True,3,0,0,0,42c6a585a6541ed8d12613697952f055a662daed,34520565752
/blog/cabinet-upgrades-before-selling,1366,True,3,0,0,0,42c6a585a6541ed8d12613697952f055a662daed,34520565752
/blog/cabinet-upgrades-before-selling,1440,True,3,0,0,0,42c6a585a6541ed8d12613697952f055a662daed,34520565752
/blog/cabinet-upgrades-before-selling,1920,True,3,0,0,0,42c6a585a6541ed8d12613697952f055a662daed,34520565752
/blog/cabinet-warranty-guide,320,True,3,0,0,0,42c6a585a6541ed8d12613697952f055a662daed,34520565752
/blog/cabinet-warranty-guide,390,True,3,0,0,0,42c6a585a6541ed8d12613697952f055a662daed,34520565752
/blog/cabinet-warranty-guide,430,True,3,0,0,0,42c6a585a6541ed8d12613697952f055a662daed,34520565752
/blog/cabinet-warranty-guide,600,True,3,0,0,0,42c6a585a6541ed8d12613697952f055a662daed,34520565752
/blog/cabinet-warranty-guide,768,True,3,0,0,0,42c6a585a6541ed8d12613697952f055a662daed,34520565752
/blog/cabinet-warranty-guide,1024,True,3,0,0,0,42c6a585a6541ed8d12613697952f055a662daed,34520565752
/blog/cabinet-warranty-guide,1366,True,3,0,0,0,42c6a585a6541ed8d12613697952f055a662daed,34520565752
/blog/cabinet-warranty-guide,1440,True,3,0,0,0,42c6a585a6541ed8d12613697952f055a662daed,34520565752
/blog/cabinet-warranty-guide,1920,True,3,0,0,0,42c6a585a6541ed8d12613697952f055a662daed,34520565752
/blog/cabinets-for-long-term-living,320,True,3,0,0,0,59af7319b59b431dd6d72ec0b556c25265d1f5f1,34522534543
/blog/cabinets-for-long-term-living,390,True,3,0,0,0,59af7319b59b431dd6d72ec0b556c25265d1f5f1,34522534543
/blog/cabinets-for-long-term-living,430,True,3,0,0,0,59af7319b59b431dd6d72ec0b556c25265d1f5f1,34522534543
/blog/cabinets-for-long-term-living,600,True,3,0,0,0,59af7319b59b431dd6d72ec0b556c25265d1f5f1,34522534543
/blog/cabinets-for-long-term-living,768,True,3,0,0,0,59af7319b59b431dd6d72ec0b556c25265d1f5f1,34522534543
/blog/cabinets-for-long-term-living,1024,True,3,0,0,0,59af7319b59b431dd6d72ec0b556c25265d1f5f1,34522534543
/blog/cabinets-for-long-term-living,1366,True,3,0,0,0,59af7319b59b431dd6d72ec0b556c25265d1f5f1,34522534543
/blog/cabinets-for-long-term-living,1440,True,3,0,0,0,59af7319b59b431dd6d72ec0b556c25265d1f5f1,34522534543
/blog/cabinets-for-long-term-living,1920,True,3,0,0,0,59af7319b59b431dd6d72ec0b556c25265d1f5f1,34522534543
/blog/category/bathroom-vanities,320,True,8,0,0,0,42c6a585a6541ed8d12613697952f055a662daed,34520565752
/blog/category/bathroom-vanities,390,True,8,0,0,0,42c6a585a6541ed8d12613697952f055a662daed,34520565752
/blog/category/bathroom-vanities,430,True,8,0,0,0,42c6a585a6541ed8d12613697952f055a662daed,34520565752
/blog/category/bathroom-vanities,600,True,8,0,0,0,42c6a585a6541ed8d12613697952f055a662daed,34520565752
/blog/category/bathroom-vanities,768,True,8,0,0,0,42c6a585a6541ed8d12613697952f055a662daed,34520565752
/blog/category/bathroom-vanities,1024,True,8,0,0,0,42c6a585a6541ed8d12613697952f055a662daed,34520565752
/blog/category/bathroom-vanities,1366,True,8,0,0,0,42c6a585a6541ed8d12613697952f055a662daed,34520565752
/blog/category/bathroom-vanities,1440,True,8,0,0,0,42c6a585a6541ed8d12613697952f055a662daed,34520565752
/blog/category/bathroom-vanities,1920,True,8,0,0,0,42c6a585a6541ed8d12613697952f055a662daed,34520565752
/blog/category/built-ins-storage,320,True,12,0,0,0,42c6a585a6541ed8d12613697952f055a662daed,34520565752
/blog/category/built-ins-storage,390,True,12,0,0,0,42c6a585a6541ed8d12613697952f055a662daed,34520565752
/blog/category/built-ins-storage,430,True,12,0,0,0,42c6a585a6541ed8d12613697952f055a662daed,34520565752
/blog/category/built-ins-storage,600,True,12,0,0,0,42c6a585a6541ed8d12613697952f055a662daed,34520565752
/blog/category/built-ins-storage,768,True,12,0,0,0,42c6a585a6541ed8d12613697952f055a662daed,34520565752
/blog/category/built-ins-storage,1024,True,12,0,0,0,42c6a585a6541ed8d12613697952f055a662daed,34520565752
/blog/category/built-ins-storage,1366,True,12,0,0,0,42c6a585a6541ed8d12613697952f055a662daed,34520565752
/blog/category/built-ins-storage,1440,True,12,0,0,0,42c6a585a6541ed8d12613697952f055a662daed,34520565752
/blog/category/built-ins-storage,1920,True,12,0,0,0,42c6a585a6541ed8d12613697952f055a662daed,34520565752
/blog/category/cabinet-costs,320,True,11,0,0,0,42c6a585a6541ed8d12613697952f055a662daed,34520565752
/blog/category/cabinet-costs,390,True,11,0,0,0,42c6a585a6541ed8d12613697952f055a662daed,34520565752
/blog/category/cabinet-costs,430,True,11,0,0,0,42c6a585a6541ed8d12613697952f055a662daed,34520565752
/blog/category/cabinet-costs,600,True,11,0,0,0,42c6a585a6541ed8d12613697952f055a662daed,34520565752
/blog/category/cabinet-costs,768,True,11,0,0,0,42c6a585a6541ed8d12613697952f055a662daed,34520565752
/blog/category/cabinet-costs,1024,True,11,0,0,0,42c6a585a6541ed8d12613697952f055a662daed,34520565752
/blog/category/cabinet-costs,1366,True,11,0,0,0,42c6a585a6541ed8d12613697952f055a662daed,34520565752
/blog/category/cabinet-costs,1440,True,11,0,0,0,42c6a585a6541ed8d12613697952f055a662daed,34520565752
/blog/category/cabinet-costs,1920,True,11,0,0,0,42c6a585a6541ed8d12613697952f055a662daed,34520565752
/blog/category/cabinet-project-process,320,True,9,0,0,0,42c6a585a6541ed8d12613697952f055a662daed,34520565752
/blog/category/cabinet-project-process,390,True,9,0,0,0,42c6a585a6541ed8d12613697952f055a662daed,34520565752
/blog/category/cabinet-project-process,430,True,9,0,0,0,42c6a585a6541ed8d12613697952f055a662daed,34520565752
/blog/category/cabinet-project-process,600,True,9,0,0,0,42c6a585a6541ed8d12613697952f055a662daed,34520565752
/blog/category/cabinet-project-process,768,True,9,0,0,0,42c6a585a6541ed8d12613697952f055a662daed,34520565752
/blog/category/cabinet-project-process,1024,True,9,0,0,0,42c6a585a6541ed8d12613697952f055a662daed,34520565752
/blog/category/cabinet-project-process,1366,True,9,0,0,0,42c6a585a6541ed8d12613697952f055a662daed,34520565752
/blog/category/cabinet-project-process,1440,True,9,0,0,0,42c6a585a6541ed8d12613697952f055a662daed,34520565752
/blog/category/cabinet-project-process,1920,True,9,0,0,0,42c6a585a6541ed8d12613697952f055a662daed,34520565752
/blog/category/cabinet-roi,320,True,9,0,0,0,42c6a585a6541ed8d12613697952f055a662daed,34520565752
/blog/category/cabinet-roi,390,True,9,0,0,0,42c6a585a6541ed8d12613697952f055a662daed,34520565752
/blog/category/cabinet-roi,430,True,9,0,0,0,42c6a585a6541ed8d12613697952f055a662daed,34520565752
/blog/category/cabinet-roi,600,True,9,0,0,0,42c6a585a6541ed8d12613697952f055a662daed,34520565752
/blog/category/cabinet-roi,768,True,9,0,0,0,42c6a585a6541ed8d12613697952f055a662daed,34520565752
/blog/category/cabinet-roi,1024,True,9,0,0,0,42c6a585a6541ed8d12613697952f055a662daed,34520565752
/blog/category/cabinet-roi,1366,True,9,0,0,0,42c6a585a6541ed8d12613697952f055a662daed,34520565752
/blog/category/cabinet-roi,1440,True,9,0,0,0,42c6a585a6541ed8d12613697952f055a662daed,34520565752
/blog/category/cabinet-roi,1920,True,9,0,0,0,42c6a585a6541ed8d12613697952f055a662daed,34520565752
/blog/category/choosing-cabinet-company,320,True,14,0,0,0,a6174fa6f51f5a3d5901e0b786a73154b827440f,34524608499
/blog/category/choosing-cabinet-company,390,True,14,0,0,0,a6174fa6f51f5a3d5901e0b786a73154b827440f,34524608499
/blog/category/choosing-cabinet-company,430,True,14,0,0,0,a6174fa6f51f5a3d5901e0b786a73154b827440f,34524608499
/blog/category/choosing-cabinet-company,600,True,14,0,0,0,a6174fa6f51f5a3d5901e0b786a73154b827440f,34524608499
/blog/category/choosing-cabinet-company,768,True,14,0,0,0,a6174fa6f51f5a3d5901e0b786a73154b827440f,34524608499
/blog/category/choosing-cabinet-company,1024,True,14,0,0,0,a6174fa6f51f5a3d5901e0b786a73154b827440f,34524608499
/blog/category/choosing-cabinet-company,1366,True,14,0,0,0,a6174fa6f51f5a3d5901e0b786a73154b827440f,34524608499
/blog/category/choosing-cabinet-company,1440,True,14,0,0,0,a6174fa6f51f5a3d5901e0b786a73154b827440f,34524608499
/blog/category/choosing-cabinet-company,1920,True,14,0,0,0,a6174fa6f51f5a3d5901e0b786a73154b827440f,34524608499
/blog/category/kitchen-cabinets,320,True,28,0,0,0,42c6a585a6541ed8d12613697952f055a662daed,34520565752
/blog/category/kitchen-cabinets,390,True,28,0,0,0,42c6a585a6541ed8d12613697952f055a662daed,34520565752
/blog/category/kitchen-cabinets,430,True,28,0,0,0,42c6a585a6541ed8d12613697952f055a662daed,34520565752
/blog/category/kitchen-cabinets,600,True,28,0,0,0,42c6a585a6541ed8d12613697952f055a662daed,34520565752
/blog/category/kitchen-cabinets,768,True,28,0,0,0,42c6a585a6541ed8d12613697952f055a662daed,34520565752
/blog/category/kitchen-cabinets,1024,True,28,0,0,0,42c6a585a6541ed8d12613697952f055a662daed,34520565752
/blog/category/kitchen-cabinets,1366,True,28,0,0,0,42c6a585a6541ed8d12613697952f055a662daed,34520565752
/blog/category/kitchen-cabinets,1440,True,28,0,0,0,42c6a585a6541ed8d12613697952f055a662daed,34520565752
/blog/category/kitchen-cabinets,1920,True,28,0,0,0,42c6a585a6541ed8d12613697952f055a662daed,34520565752
/blog/category/whole-home-cabinetry,320,True,10,0,0,0,42c6a585a6541ed8d12613697952f055a662daed,34520565752
/blog/category/whole-home-cabinetry,390,True,10,0,0,0,42c6a585a6541ed8d12613697952f055a662daed,34520565752
/blog/category/whole-home-cabinetry,430,True,10,0,0,0,42c6a585a6541ed8d12613697952f055a662daed,34520565752
/blog/category/whole-home-cabinetry,600,True,10,0,0,0,42c6a585a6541ed8d12613697952f055a662daed,34520565752
/blog/category/whole-home-cabinetry,768,True,10,0,0,0,42c6a585a6541ed8d12613697952f055a662daed,34520565752
/blog/category/whole-home-cabinetry,1024,True,10,0,0,0,42c6a585a6541ed8d12613697952f055a662daed,34520565752
/blog/category/whole-home-cabinetry,1366,True,10,0,0,0,42c6a585a6541ed8d12613697952f055a662daed,34520565752
/blog/category/whole-home-cabinetry,1440,True,10,0,0,0,42c6a585a6541ed8d12613697952f055a662daed,34520565752
/blog/category/whole-home-cabinetry,1920,True,10,0,0,0,42c6a585a6541ed8d12613697952f055a662daed,34520565752
/blog/custom-cabinet-design-process,320,True,3,0,0,0,42c6a585a6541ed8d12613697952f055a662daed,34520565752
/blog/custom-cabinet-design-process,390,True,3,0,0,0,42c6a585a6541ed8d12613697952f055a662daed,34520565752
/blog/custom-cabinet-design-process,430,True,3,0,0,0,42c6a585a6541ed8d12613697952f055a662daed,34520565752
/blog/custom-cabinet-design-process,600,True,3,0,0,0,42c6a585a6541ed8d12613697952f055a662daed,34520565752
/blog/custom-cabinet-design-process,768,True,3,0,0,0,42c6a585a6541ed8d12613697952f055a662daed,34520565752
/blog/custom-cabinet-design-process,1024,True,3,0,0,0,42c6a585a6541ed8d12613697952f055a662daed,34520565752
/blog/custom-cabinet-design-process,1366,True,3,0,0,0,42c6a585a6541ed8d12613697952f055a662daed,34520565752
/blog/custom-cabinet-design-process,1440,True,3,0,0,0,42c6a585a6541ed8d12613697952f055a662daed,34520565752
/blog/custom-cabinet-design-process,1920,True,3,0,0,0,42c6a585a6541ed8d12613697952f055a662daed,34520565752
/blog/custom-cabinet-shop-vs-big-box,320,True,3,0,0,0,42c6a585a6541ed8d12613697952f055a662daed,34520565752
/blog/custom-cabinet-shop-vs-big-box,390,True,3,0,0,0,42c6a585a6541ed8d12613697952f055a662daed,34520565752
/blog/custom-cabinet-shop-vs-big-box,430,True,3,0,0,0,42c6a585a6541ed8d12613697952f055a662daed,34520565752
/blog/custom-cabinet-shop-vs-big-box,600,True,3,0,0,0,42c6a585a6541ed8d12613697952f055a662daed,34520565752
/blog/custom-cabinet-shop-vs-big-box,768,True,3,0,0,0,42c6a585a6541ed8d12613697952f055a662daed,34520565752
/blog/custom-cabinet-shop-vs-big-box,1024,True,3,0,0,0,42c6a585a6541ed8d12613697952f055a662daed,34520565752
/blog/custom-cabinet-shop-vs-big-box,1366,True,3,0,0,0,42c6a585a6541ed8d12613697952f055a662daed,34520565752
/blog/custom-cabinet-shop-vs-big-box,1440,True,3,0,0,0,42c6a585a6541ed8d12613697952f055a662daed,34520565752
/blog/custom-cabinet-shop-vs-big-box,1920,True,3,0,0,0,42c6a585a6541ed8d12613697952f055a662daed,34520565752
/blog/custom-kitchen-cabinet-cost,320,True,3,0,0,0,42c6a585a6541ed8d12613697952f055a662daed,34520565752
/blog/custom-kitchen-cabinet-cost,390,True,3,0,0,0,42c6a585a6541ed8d12613697952f055a662daed,34520565752
/blog/custom-kitchen-cabinet-cost,430,True,3,0,0,0,42c6a585a6541ed8d12613697952f055a662daed,34520565752
/blog/custom-kitchen-cabinet-cost,600,True,3,0,0,0,42c6a585a6541ed8d12613697952f055a662daed,34520565752
/blog/custom-kitchen-cabinet-cost,768,True,3,0,0,0,42c6a585a6541ed8d12613697952f055a662daed,34520565752
/blog/custom-kitchen-cabinet-cost,1024,True,3,0,0,0,42c6a585a6541ed8d12613697952f055a662daed,34520565752
/blog/custom-kitchen-cabinet-cost,1366,True,3,0,0,0,42c6a585a6541ed8d12613697952f055a662daed,34520565752
/blog/custom-kitchen-cabinet-cost,1440,True,3,0,0,0,42c6a585a6541ed8d12613697952f055a662daed,34520565752
/blog/custom-kitchen-cabinet-cost,1920,True,3,0,0,0,42c6a585a6541ed8d12613697952f055a662daed,34520565752
/blog/custom-vs-reserve-cabinets,320,True,3,0,0,0,42c6a585a6541ed8d12613697952f055a662daed,34520565752
/blog/custom-vs-reserve-cabinets,390,True,3,0,0,0,42c6a585a6541ed8d12613697952f055a662daed,34520565752
/blog/custom-vs-reserve-cabinets,430,True,3,0,0,0,42c6a585a6541ed8d12613697952f055a662daed,34520565752
/blog/custom-vs-reserve-cabinets,600,True,3,0,0,0,42c6a585a6541ed8d12613697952f055a662daed,34520565752
/blog/custom-vs-reserve-cabinets,768,True,3,0,0,0,42c6a585a6541ed8d12613697952f055a662daed,34520565752
/blog/custom-vs-reserve-cabinets,1024,True,3,0,0,0,42c6a585a6541ed8d12613697952f055a662daed,34520565752
/blog/custom-vs-reserve-cabinets,1366,True,3,0,0,0,42c6a585a6541ed8d12613697952f055a662daed,34520565752
/blog/custom-vs-reserve-cabinets,1440,True,3,0,0,0,42c6a585a6541ed8d12613697952f055a662daed,34520565752
/blog/custom-vs-reserve-cabinets,1920,True,3,0,0,0,42c6a585a6541ed8d12613697952f055a662daed,34520565752
/blog/fixed-price-vs-cost-plus,320,True,3,0,0,0,42c6a585a6541ed8d12613697952f055a662daed,34520565752
/blog/fixed-price-vs-cost-plus,390,True,3,0,0,0,42c6a585a6541ed8d12613697952f055a662daed,34520565752
/blog/fixed-price-vs-cost-plus,430,True,3,0,0,0,42c6a585a6541ed8d12613697952f055a662daed,34520565752
/blog/fixed-price-vs-cost-plus,600,True,3,0,0,0,42c6a585a6541ed8d12613697952f055a662daed,34520565752
/blog/fixed-price-vs-cost-plus,768,True,3,0,0,0,42c6a585a6541ed8d12613697952f055a662daed,34520565752
/blog/fixed-price-vs-cost-plus,1024,True,3,0,0,0,42c6a585a6541ed8d12613697952f055a662daed,34520565752
/blog/fixed-price-vs-cost-plus,1366,True,3,0,0,0,42c6a585a6541ed8d12613697952f055a662daed,34520565752
/blog/fixed-price-vs-cost-plus,1440,True,3,0,0,0,42c6a585a6541ed8d12613697952f055a662daed,34520565752
/blog/fixed-price-vs-cost-plus,1920,True,3,0,0,0,42c6a585a6541ed8d12613697952f055a662daed,34520565752
/blog/framed-vs-frameless-cabinets,320,True,3,0,0,0,42c6a585a6541ed8d12613697952f055a662daed,34520565752
/blog/framed-vs-frameless-cabinets,390,True,3,0,0,0,42c6a585a6541ed8d12613697952f055a662daed,34520565752
/blog/framed-vs-frameless-cabinets,430,True,3,0,0,0,42c6a585a6541ed8d12613697952f055a662daed,34520565752
/blog/framed-vs-frameless-cabinets,600,True,3,0,0,0,42c6a585a6541ed8d12613697952f055a662daed,34520565752
/blog/framed-vs-frameless-cabinets,768,True,3,0,0,0,42c6a585a6541ed8d12613697952f055a662daed,34520565752
/blog/framed-vs-frameless-cabinets,1024,True,3,0,0,0,42c6a585a6541ed8d12613697952f055a662daed,34520565752
/blog/framed-vs-frameless-cabinets,1366,True,3,0,0,0,42c6a585a6541ed8d12613697952f055a662daed,34520565752
/blog/framed-vs-frameless-cabinets,1440,True,3,0,0,0,42c6a585a6541ed8d12613697952f055a662daed,34520565752
/blog/framed-vs-frameless-cabinets,1920,True,3,0,0,0,42c6a585a6541ed8d12613697952f055a662daed,34520565752
/blog/garage-storage-cabinet-systems,320,True,3,0,0,0,42c6a585a6541ed8d12613697952f055a662daed,34520565752
/blog/garage-storage-cabinet-systems,390,True,3,0,0,0,42c6a585a6541ed8d12613697952f055a662daed,34520565752
/blog/garage-storage-cabinet-systems,430,True,3,0,0,0,42c6a585a6541ed8d12613697952f055a662daed,34520565752
/blog/garage-storage-cabinet-systems,600,True,3,0,0,0,42c6a585a6541ed8d12613697952f055a662daed,34520565752
/blog/garage-storage-cabinet-systems,768,True,3,0,0,0,42c6a585a6541ed8d12613697952f055a662daed,34520565752
/blog/garage-storage-cabinet-systems,1024,True,3,0,0,0,42c6a585a6541ed8d12613697952f055a662daed,34520565752
/blog/garage-storage-cabinet-systems,1366,True,3,0,0,0,42c6a585a6541ed8d12613697952f055a662daed,34520565752
/blog/garage-storage-cabinet-systems,1440,True,3,0,0,0,42c6a585a6541ed8d12613697952f055a662daed,34520565752
/blog/garage-storage-cabinet-systems,1920,True,3,0,0,0,42c6a585a6541ed8d12613697952f055a662daed,34520565752
/blog/home-office-built-ins,320,True,3,0,0,0,42c6a585a6541ed8d12613697952f055a662daed,34520565752
/blog/home-office-built-ins,390,True,3,0,0,0,42c6a585a6541ed8d12613697952f055a662daed,34520565752
/blog/home-office-built-ins,430,True,3,0,0,0,42c6a585a6541ed8d12613697952f055a662daed,34520565752
/blog/home-office-built-ins,600,True,3,0,0,0,42c6a585a6541ed8d12613697952f055a662daed,34520565752
/blog/home-office-built-ins,768,True,3,0,0,0,42c6a585a6541ed8d12613697952f055a662daed,34520565752
/blog/home-office-built-ins,1024,True,3,0,0,0,42c6a585a6541ed8d12613697952f055a662daed,34520565752
/blog/home-office-built-ins,1366,True,3,0,0,0,42c6a585a6541ed8d12613697952f055a662daed,34520565752
/blog/home-office-built-ins,1440,True,3,0,0,0,42c6a585a6541ed8d12613697952f055a662daed,34520565752
/blog/home-office-built-ins,1920,True,3,0,0,0,42c6a585a6541ed8d12613697952f055a662daed,34520565752
/blog/how-deep-are-kitchen-cabinets,320,True,3,0,0,0,42c6a585a6541ed8d12613697952f055a662daed,34520565752
/blog/how-deep-are-kitchen-cabinets,390,True,3,0,0,0,42c6a585a6541ed8d12613697952f055a662daed,34520565752
/blog/how-deep-are-kitchen-cabinets,430,True,3,0,0,0,42c6a585a6541ed8d12613697952f055a662daed,34520565752
/blog/how-deep-are-kitchen-cabinets,600,True,3,0,0,0,42c6a585a6541ed8d12613697952f055a662daed,34520565752
/blog/how-deep-are-kitchen-cabinets,768,True,3,0,0,0,42c6a585a6541ed8d12613697952f055a662daed,34520565752
/blog/how-deep-are-kitchen-cabinets,1024,True,3,0,0,0,42c6a585a6541ed8d12613697952f055a662daed,34520565752
/blog/how-deep-are-kitchen-cabinets,1366,True,3,0,0,0,42c6a585a6541ed8d12613697952f055a662daed,34520565752
/blog/how-deep-are-kitchen-cabinets,1440,True,3,0,0,0,42c6a585a6541ed8d12613697952f055a662daed,34520565752
/blog/how-deep-are-kitchen-cabinets,1920,True,3,0,0,0,42c6a585a6541ed8d12613697952f055a662daed,34520565752
/blog/how-to-budget-cabinets-boise,320,True,3,0,0,0,42c6a585a6541ed8d12613697952f055a662daed,34520565752
/blog/how-to-budget-cabinets-boise,390,True,3,0,0,0,42c6a585a6541ed8d12613697952f055a662daed,34520565752
/blog/how-to-budget-cabinets-boise,430,True,3,0,0,0,42c6a585a6541ed8d12613697952f055a662daed,34520565752
/blog/how-to-budget-cabinets-boise,600,True,3,0,0,0,42c6a585a6541ed8d12613697952f055a662daed,34520565752
/blog/how-to-budget-cabinets-boise,768,True,3,0,0,0,42c6a585a6541ed8d12613697952f055a662daed,34520565752
/blog/how-to-budget-cabinets-boise,1024,True,3,0,0,0,42c6a585a6541ed8d12613697952f055a662daed,34520565752
/blog/how-to-budget-cabinets-boise,1366,True,3,0,0,0,42c6a585a6541ed8d12613697952f055a662daed,34520565752
/blog/how-to-budget-cabinets-boise,1440,True,3,0,0,0,42c6a585a6541ed8d12613697952f055a662daed,34520565752
/blog/how-to-budget-cabinets-boise,1920,True,3,0,0,0,42c6a585a6541ed8d12613697952f055a662daed,34520565752
/blog/how-to-clean-kitchen-cabinets,320,True,3,0,0,0,42c6a585a6541ed8d12613697952f055a662daed,34520565752
/blog/how-to-clean-kitchen-cabinets,390,True,3,0,0,0,42c6a585a6541ed8d12613697952f055a662daed,34520565752
/blog/how-to-clean-kitchen-cabinets,430,True,3,0,0,0,42c6a585a6541ed8d12613697952f055a662daed,34520565752
/blog/how-to-clean-kitchen-cabinets,600,True,3,0,0,0,42c6a585a6541ed8d12613697952f055a662daed,34520565752
/blog/how-to-clean-kitchen-cabinets,768,True,3,0,0,0,42c6a585a6541ed8d12613697952f055a662daed,34520565752
/blog/how-to-clean-kitchen-cabinets,1024,True,3,0,0,0,42c6a585a6541ed8d12613697952f055a662daed,34520565752
/blog/how-to-clean-kitchen-cabinets,1366,True,3,0,0,0,42c6a585a6541ed8d12613697952f055a662daed,34520565752
/blog/how-to-clean-kitchen-cabinets,1440,True,3,0,0,0,42c6a585a6541ed8d12613697952f055a662daed,34520565752
/blog/how-to-clean-kitchen-cabinets,1920,True,3,0,0,0,42c6a585a6541ed8d12613697952f055a662daed,34520565752
/blog/how-to-compare-cabinet-quotes,320,True,3,0,0,0,42c6a585a6541ed8d12613697952f055a662daed,34520565752
/blog/how-to-compare-cabinet-quotes,390,True,3,0,0,0,42c6a585a6541ed8d12613697952f055a662daed,34520565752
/blog/how-to-compare-cabinet-quotes,430,True,3,0,0,0,42c6a585a6541ed8d12613697952f055a662daed,34520565752
/blog/how-to-compare-cabinet-quotes,600,True,3,0,0,0,42c6a585a6541ed8d12613697952f055a662daed,34520565752
/blog/how-to-compare-cabinet-quotes,768,True,3,0,0,0,42c6a585a6541ed8d12613697952f055a662daed,34520565752
/blog/how-to-compare-cabinet-quotes,1024,True,3,0,0,0,42c6a585a6541ed8d12613697952f055a662daed,34520565752
/blog/how-to-compare-cabinet-quotes,1366,True,3,0,0,0,42c6a585a6541ed8d12613697952f055a662daed,34520565752
/blog/how-to-compare-cabinet-quotes,1440,True,3,0,0,0,42c6a585a6541ed8d12613697952f055a662daed,34520565752
/blog/how-to-compare-cabinet-quotes,1920,True,3,0,0,0,42c6a585a6541ed8d12613697952f055a662daed,34520565752
/blog/how-to-make-oak-cabinets-look-modern,320,True,3,0,0,0,42c6a585a6541ed8d12613697952f055a662daed,34520565752
/blog/how-to-make-oak-cabinets-look-modern,390,True,3,0,0,0,42c6a585a6541ed8d12613697952f055a662daed,34520565752
/blog/how-to-make-oak-cabinets-look-modern,430,True,3,0,0,0,42c6a585a6541ed8d12613697952f055a662daed,34520565752
/blog/how-to-make-oak-cabinets-look-modern,600,True,3,0,0,0,42c6a585a6541ed8d12613697952f055a662daed,34520565752
/blog/how-to-make-oak-cabinets-look-modern,768,True,3,0,0,0,42c6a585a6541ed8d12613697952f055a662daed,34520565752
/blog/how-to-make-oak-cabinets-look-modern,1024,True,3,0,0,0,42c6a585a6541ed8d12613697952f055a662daed,34520565752
/blog/how-to-make-oak-cabinets-look-modern,1366,True,3,0,0,0,42c6a585a6541ed8d12613697952f055a662daed,34520565752
/blog/how-to-make-oak-cabinets-look-modern,1440,True,3,0,0,0,42c6a585a6541ed8d12613697952f055a662daed,34520565752
/blog/how-to-make-oak-cabinets-look-modern,1920,True,3,0,0,0,42c6a585a6541ed8d12613697952f055a662daed,34520565752
/blog/how-to-paint-kitchen-cabinets,320,True,3,0,0,0,42c6a585a6541ed8d12613697952f055a662daed,34520565752
/blog/how-to-paint-kitchen-cabinets,390,True,3,0,0,0,42c6a585a6541ed8d12613697952f055a662daed,34520565752
/blog/how-to-paint-kitchen-cabinets,430,True,3,0,0,0,42c6a585a6541ed8d12613697952f055a662daed,34520565752
/blog/how-to-paint-kitchen-cabinets,600,True,3,0,0,0,42c6a585a6541ed8d12613697952f055a662daed,34520565752
/blog/how-to-paint-kitchen-cabinets,768,True,3,0,0,0,42c6a585a6541ed8d12613697952f055a662daed,34520565752
/blog/how-to-paint-kitchen-cabinets,1024,True,3,0,0,0,42c6a585a6541ed8d12613697952f055a662daed,34520565752
/blog/how-to-paint-kitchen-cabinets,1366,True,3,0,0,0,42c6a585a6541ed8d12613697952f055a662daed,34520565752
/blog/how-to-paint-kitchen-cabinets,1440,True,3,0,0,0,42c6a585a6541ed8d12613697952f055a662daed,34520565752
/blog/how-to-paint-kitchen-cabinets,1920,True,3,0,0,0,42c6a585a6541ed8d12613697952f055a662daed,34520565752
/blog/how-to-plan-a-kitchen-cabinet-project,320,True,3,0,0,0,42c6a585a6541ed8d12613697952f055a662daed,34520565752
/blog/how-to-plan-a-kitchen-cabinet-project,390,True,3,0,0,0,42c6a585a6541ed8d12613697952f055a662daed,34520565752
/blog/how-to-plan-a-kitchen-cabinet-project,430,True,3,0,0,0,42c6a585a6541ed8d12613697952f055a662daed,34520565752
/blog/how-to-plan-a-kitchen-cabinet-project,600,True,3,0,0,0,42c6a585a6541ed8d12613697952f055a662daed,34520565752
/blog/how-to-plan-a-kitchen-cabinet-project,768,True,3,0,0,0,42c6a585a6541ed8d12613697952f055a662daed,34520565752
/blog/how-to-plan-a-kitchen-cabinet-project,1024,True,3,0,0,0,42c6a585a6541ed8d12613697952f055a662daed,34520565752
/blog/how-to-plan-a-kitchen-cabinet-project,1366,True,3,0,0,0,42c6a585a6541ed8d12613697952f055a662daed,34520565752
/blog/how-to-plan-a-kitchen-cabinet-project,1440,True,3,0,0,0,42c6a585a6541ed8d12613697952f055a662daed,34520565752
/blog/how-to-plan-a-kitchen-cabinet-project,1920,True,3,0,0,0,42c6a585a6541ed8d12613697952f055a662daed,34520565752
/blog/kitchen-cabinet-cost-boise,320,True,3,0,0,0,42c6a585a6541ed8d12613697952f055a662daed,34520565752
/blog/kitchen-cabinet-cost-boise,390,True,3,0,0,0,42c6a585a6541ed8d12613697952f055a662daed,34520565752
/blog/kitchen-cabinet-cost-boise,430,True,3,0,0,0,42c6a585a6541ed8d12613697952f055a662daed,34520565752
/blog/kitchen-cabinet-cost-boise,600,True,3,0,0,0,42c6a585a6541ed8d12613697952f055a662daed,34520565752
/blog/kitchen-cabinet-cost-boise,768,True,3,0,0,0,42c6a585a6541ed8d12613697952f055a662daed,34520565752
/blog/kitchen-cabinet-cost-boise,1024,True,3,0,0,0,42c6a585a6541ed8d12613697952f055a662daed,34520565752
/blog/kitchen-cabinet-cost-boise,1366,True,3,0,0,0,42c6a585a6541ed8d12613697952f055a662daed,34520565752
/blog/kitchen-cabinet-cost-boise,1440,True,3,0,0,0,42c6a585a6541ed8d12613697952f055a662daed,34520565752
/blog/kitchen-cabinet-cost-boise,1920,True,3,0,0,0,42c6a585a6541ed8d12613697952f055a662daed,34520565752
/blog/kitchen-cabinet-organization-ideas,320,True,3,0,0,0,42c6a585a6541ed8d12613697952f055a662daed,34520565752
/blog/kitchen-cabinet-organization-ideas,390,True,3,0,0,0,42c6a585a6541ed8d12613697952f055a662daed,34520565752
/blog/kitchen-cabinet-organization-ideas,430,True,3,0,0,0,42c6a585a6541ed8d12613697952f055a662daed,34520565752
/blog/kitchen-cabinet-organization-ideas,600,True,3,0,0,0,42c6a585a6541ed8d12613697952f055a662daed,34520565752
/blog/kitchen-cabinet-organization-ideas,768,True,3,0,0,0,42c6a585a6541ed8d12613697952f055a662daed,34520565752
/blog/kitchen-cabinet-organization-ideas,1024,True,3,0,0,0,42c6a585a6541ed8d12613697952f055a662daed,34520565752
/blog/kitchen-cabinet-organization-ideas,1366,True,3,0,0,0,42c6a585a6541ed8d12613697952f055a662daed,34520565752
/blog/kitchen-cabinet-organization-ideas,1440,True,3,0,0,0,42c6a585a6541ed8d12613697952f055a662daed,34520565752
/blog/kitchen-cabinet-organization-ideas,1920,True,3,0,0,0,42c6a585a6541ed8d12613697952f055a662daed,34520565752
/blog/kitchen-cabinet-roi-boise,320,True,3,0,0,0,42c6a585a6541ed8d12613697952f055a662daed,34520565752
/blog/kitchen-cabinet-roi-boise,390,True,3,0,0,0,42c6a585a6541ed8d12613697952f055a662daed,34520565752
/blog/kitchen-cabinet-roi-boise,430,True,3,0,0,0,42c6a585a6541ed8d12613697952f055a662daed,34520565752
/blog/kitchen-cabinet-roi-boise,600,True,3,0,0,0,42c6a585a6541ed8d12613697952f055a662daed,34520565752
/blog/kitchen-cabinet-roi-boise,768,True,3,0,0,0,42c6a585a6541ed8d12613697952f055a662daed,34520565752
/blog/kitchen-cabinet-roi-boise,1024,True,3,0,0,0,42c6a585a6541ed8d12613697952f055a662daed,34520565752
/blog/kitchen-cabinet-roi-boise,1366,True,3,0,0,0,42c6a585a6541ed8d12613697952f055a662daed,34520565752
/blog/kitchen-cabinet-roi-boise,1440,True,3,0,0,0,42c6a585a6541ed8d12613697952f055a662daed,34520565752
/blog/kitchen-cabinet-roi-boise,1920,True,3,0,0,0,42c6a585a6541ed8d12613697952f055a662daed,34520565752
/blog/kitchen-cabinet-timeline-boise,320,True,3,0,0,0,42c6a585a6541ed8d12613697952f055a662daed,34520565752
/blog/kitchen-cabinet-timeline-boise,390,True,3,0,0,0,42c6a585a6541ed8d12613697952f055a662daed,34520565752
/blog/kitchen-cabinet-timeline-boise,430,True,3,0,0,0,42c6a585a6541ed8d12613697952f055a662daed,34520565752
/blog/kitchen-cabinet-timeline-boise,600,True,3,0,0,0,42c6a585a6541ed8d12613697952f055a662daed,34520565752
/blog/kitchen-cabinet-timeline-boise,768,True,3,0,0,0,42c6a585a6541ed8d12613697952f055a662daed,34520565752
/blog/kitchen-cabinet-timeline-boise,1024,True,3,0,0,0,42c6a585a6541ed8d12613697952f055a662daed,34520565752
/blog/kitchen-cabinet-timeline-boise,1366,True,3,0,0,0,42c6a585a6541ed8d12613697952f055a662daed,34520565752
/blog/kitchen-cabinet-timeline-boise,1440,True,3,0,0,0,42c6a585a6541ed8d12613697952f055a662daed,34520565752
/blog/kitchen-cabinet-timeline-boise,1920,True,3,0,0,0,42c6a585a6541ed8d12613697952f055a662daed,34520565752
/blog/kitchen-cabinet-trends,320,True,3,0,0,0,42c6a585a6541ed8d12613697952f055a662daed,34520565752
/blog/kitchen-cabinet-trends,390,True,3,0,0,0,42c6a585a6541ed8d12613697952f055a662daed,34520565752
/blog/kitchen-cabinet-trends,430,True,3,0,0,0,42c6a585a6541ed8d12613697952f055a662daed,34520565752
/blog/kitchen-cabinet-trends,600,True,3,0,0,0,42c6a585a6541ed8d12613697952f055a662daed,34520565752
/blog/kitchen-cabinet-trends,768,True,3,0,0,0,42c6a585a6541ed8d12613697952f055a662daed,34520565752
/blog/kitchen-cabinet-trends,1024,True,3,0,0,0,42c6a585a6541ed8d12613697952f055a662daed,34520565752
/blog/kitchen-cabinet-trends,1366,True,3,0,0,0,42c6a585a6541ed8d12613697952f055a662daed,34520565752
/blog/kitchen-cabinet-trends,1440,True,3,0,0,0,42c6a585a6541ed8d12613697952f055a662daed,34520565752
/blog/kitchen-cabinet-trends,1920,True,3,0,0,0,42c6a585a6541ed8d12613697952f055a662daed,34520565752
/blog/kitchen-island-design-guide,320,True,3,0,0,0,42c6a585a6541ed8d12613697952f055a662daed,34520565752
/blog/kitchen-island-design-guide,390,True,3,0,0,0,42c6a585a6541ed8d12613697952f055a662daed,34520565752
/blog/kitchen-island-design-guide,430,True,3,0,0,0,42c6a585a6541ed8d12613697952f055a662daed,34520565752
/blog/kitchen-island-design-guide,600,True,3,0,0,0,42c6a585a6541ed8d12613697952f055a662daed,34520565752
/blog/kitchen-island-design-guide,768,True,3,0,0,0,42c6a585a6541ed8d12613697952f055a662daed,34520565752
/blog/kitchen-island-design-guide,1024,True,3,0,0,0,42c6a585a6541ed8d12613697952f055a662daed,34520565752
/blog/kitchen-island-design-guide,1366,True,3,0,0,0,42c6a585a6541ed8d12613697952f055a662daed,34520565752
/blog/kitchen-island-design-guide,1440,True,3,0,0,0,42c6a585a6541ed8d12613697952f055a662daed,34520565752
/blog/kitchen-island-design-guide,1920,True,3,0,0,0,42c6a585a6541ed8d12613697952f055a662daed,34520565752
/blog/kitchen-layout-ideas-boise-homes,320,True,3,0,0,0,42c6a585a6541ed8d12613697952f055a662daed,34520565752
/blog/kitchen-layout-ideas-boise-homes,390,True,3,0,0,0,42c6a585a6541ed8d12613697952f055a662daed,34520565752
/blog/kitchen-layout-ideas-boise-homes,430,True,3,0,0,0,42c6a585a6541ed8d12613697952f055a662daed,34520565752
/blog/kitchen-layout-ideas-boise-homes,600,True,3,0,0,0,42c6a585a6541ed8d12613697952f055a662daed,34520565752
/blog/kitchen-layout-ideas-boise-homes,768,True,3,0,0,0,42c6a585a6541ed8d12613697952f055a662daed,34520565752
/blog/kitchen-layout-ideas-boise-homes,1024,True,3,0,0,0,42c6a585a6541ed8d12613697952f055a662daed,34520565752
/blog/kitchen-layout-ideas-boise-homes,1366,True,3,0,0,0,42c6a585a6541ed8d12613697952f055a662daed,34520565752
/blog/kitchen-layout-ideas-boise-homes,1440,True,3,0,0,0,42c6a585a6541ed8d12613697952f055a662daed,34520565752
/blog/kitchen-layout-ideas-boise-homes,1920,True,3,0,0,0,42c6a585a6541ed8d12613697952f055a662daed,34520565752
/blog/laundry-room-cabinet-ideas,320,True,3,0,0,0,42c6a585a6541ed8d12613697952f055a662daed,34520565752
/blog/laundry-room-cabinet-ideas,390,True,3,0,0,0,42c6a585a6541ed8d12613697952f055a662daed,34520565752
/blog/laundry-room-cabinet-ideas,430,True,3,0,0,0,42c6a585a6541ed8d12613697952f055a662daed,34520565752
/blog/laundry-room-cabinet-ideas,600,True,3,0,0,0,42c6a585a6541ed8d12613697952f055a662daed,34520565752
/blog/laundry-room-cabinet-ideas,768,True,3,0,0,0,42c6a585a6541ed8d12613697952f055a662daed,34520565752
/blog/laundry-room-cabinet-ideas,1024,True,3,0,0,0,42c6a585a6541ed8d12613697952f055a662daed,34520565752
/blog/laundry-room-cabinet-ideas,1366,True,3,0,0,0,42c6a585a6541ed8d12613697952f055a662daed,34520565752
/blog/laundry-room-cabinet-ideas,1440,True,3,0,0,0,42c6a585a6541ed8d12613697952f055a662daed,34520565752
/blog/laundry-room-cabinet-ideas,1920,True,3,0,0,0,42c6a585a6541ed8d12613697952f055a662daed,34520565752
/blog/living-through-cabinet-installation,320,True,3,0,0,0,42c6a585a6541ed8d12613697952f055a662daed,34520565752
/blog/living-through-cabinet-installation,390,True,3,0,0,0,42c6a585a6541ed8d12613697952f055a662daed,34520565752
/blog/living-through-cabinet-installation,430,True,3,0,0,0,42c6a585a6541ed8d12613697952f055a662daed,34520565752
/blog/living-through-cabinet-installation,600,True,3,0,0,0,42c6a585a6541ed8d12613697952f055a662daed,34520565752
/blog/living-through-cabinet-installation,768,True,3,0,0,0,42c6a585a6541ed8d12613697952f055a662daed,34520565752
/blog/living-through-cabinet-installation,1024,True,3,0,0,0,42c6a585a6541ed8d12613697952f055a662daed,34520565752
/blog/living-through-cabinet-installation,1366,True,3,0,0,0,42c6a585a6541ed8d12613697952f055a662daed,34520565752
/blog/living-through-cabinet-installation,1440,True,3,0,0,0,42c6a585a6541ed8d12613697952f055a662daed,34520565752
/blog/living-through-cabinet-installation,1920,True,3,0,0,0,42c6a585a6541ed8d12613697952f055a662daed,34520565752
/blog/luxury-bathroom-vanity-guide,320,True,3,0,0,0,42c6a585a6541ed8d12613697952f055a662daed,34520565752
/blog/luxury-bathroom-vanity-guide,390,True,3,0,0,0,42c6a585a6541ed8d12613697952f055a662daed,34520565752
/blog/luxury-bathroom-vanity-guide,430,True,3,0,0,0,42c6a585a6541ed8d12613697952f055a662daed,34520565752
/blog/luxury-bathroom-vanity-guide,600,True,3,0,0,0,42c6a585a6541ed8d12613697952f055a662daed,34520565752
/blog/luxury-bathroom-vanity-guide,768,True,3,0,0,0,42c6a585a6541ed8d12613697952f055a662daed,34520565752
/blog/luxury-bathroom-vanity-guide,1024,True,3,0,0,0,42c6a585a6541ed8d12613697952f055a662daed,34520565752
/blog/luxury-bathroom-vanity-guide,1366,True,3,0,0,0,42c6a585a6541ed8d12613697952f055a662daed,34520565752
/blog/luxury-bathroom-vanity-guide,1440,True,3,0,0,0,42c6a585a6541ed8d12613697952f055a662daed,34520565752
/blog/luxury-bathroom-vanity-guide,1920,True,3,0,0,0,42c6a585a6541ed8d12613697952f055a662daed,34520565752
/blog/luxury-custom-cabinet-cost-boise,320,True,3,0,0,0,42c6a585a6541ed8d12613697952f055a662daed,34520565752
/blog/luxury-custom-cabinet-cost-boise,390,True,3,0,0,0,42c6a585a6541ed8d12613697952f055a662daed,34520565752
/blog/luxury-custom-cabinet-cost-boise,430,True,3,0,0,0,42c6a585a6541ed8d12613697952f055a662daed,34520565752
/blog/luxury-custom-cabinet-cost-boise,600,True,3,0,0,0,42c6a585a6541ed8d12613697952f055a662daed,34520565752
/blog/luxury-custom-cabinet-cost-boise,768,True,3,0,0,0,42c6a585a6541ed8d12613697952f055a662daed,34520565752
/blog/luxury-custom-cabinet-cost-boise,1024,True,3,0,0,0,42c6a585a6541ed8d12613697952f055a662daed,34520565752
/blog/luxury-custom-cabinet-cost-boise,1366,True,3,0,0,0,42c6a585a6541ed8d12613697952f055a662daed,34520565752
/blog/luxury-custom-cabinet-cost-boise,1440,True,3,0,0,0,42c6a585a6541ed8d12613697952f055a662daed,34520565752
/blog/luxury-custom-cabinet-cost-boise,1920,True,3,0,0,0,42c6a585a6541ed8d12613697952f055a662daed,34520565752
/blog/mudroom-cabinets,320,True,3,0,0,0,42c6a585a6541ed8d12613697952f055a662daed,34520565752
/blog/mudroom-cabinets,390,True,3,0,0,0,42c6a585a6541ed8d12613697952f055a662daed,34520565752
/blog/mudroom-cabinets,430,True,3,0,0,0,42c6a585a6541ed8d12613697952f055a662daed,34520565752
/blog/mudroom-cabinets,600,True,3,0,0,0,42c6a585a6541ed8d12613697952f055a662daed,34520565752
/blog/mudroom-cabinets,768,True,3,0,0,0,42c6a585a6541ed8d12613697952f055a662daed,34520565752
/blog/mudroom-cabinets,1024,True,3,0,0,0,42c6a585a6541ed8d12613697952f055a662daed,34520565752
/blog/mudroom-cabinets,1366,True,3,0,0,0,42c6a585a6541ed8d12613697952f055a662daed,34520565752
/blog/mudroom-cabinets,1440,True,3,0,0,0,42c6a585a6541ed8d12613697952f055a662daed,34520565752
/blog/mudroom-cabinets,1920,True,3,0,0,0,42c6a585a6541ed8d12613697952f055a662daed,34520565752
/blog/multi-room-cabinet-planning,320,True,3,0,0,0,42c6a585a6541ed8d12613697952f055a662daed,34520565752
/blog/multi-room-cabinet-planning,390,True,3,0,0,0,42c6a585a6541ed8d12613697952f055a662daed,34520565752
/blog/multi-room-cabinet-planning,430,True,3,0,0,0,42c6a585a6541ed8d12613697952f055a662daed,34520565752
/blog/multi-room-cabinet-planning,600,True,3,0,0,0,42c6a585a6541ed8d12613697952f055a662daed,34520565752
/blog/multi-room-cabinet-planning,768,True,3,0,0,0,42c6a585a6541ed8d12613697952f055a662daed,34520565752
/blog/multi-room-cabinet-planning,1024,True,3,0,0,0,42c6a585a6541ed8d12613697952f055a662daed,34520565752
/blog/multi-room-cabinet-planning,1366,True,3,0,0,0,42c6a585a6541ed8d12613697952f055a662daed,34520565752
/blog/multi-room-cabinet-planning,1440,True,3,0,0,0,42c6a585a6541ed8d12613697952f055a662daed,34520565752
/blog/multi-room-cabinet-planning,1920,True,3,0,0,0,42c6a585a6541ed8d12613697952f055a662daed,34520565752
/blog/open-kitchen-cabinet-storage,320,True,3,0,0,0,42c6a585a6541ed8d12613697952f055a662daed,34520565752
/blog/open-kitchen-cabinet-storage,390,True,3,0,0,0,42c6a585a6541ed8d12613697952f055a662daed,34520565752
/blog/open-kitchen-cabinet-storage,430,True,3,0,0,0,42c6a585a6541ed8d12613697952f055a662daed,34520565752
/blog/open-kitchen-cabinet-storage,600,True,3,0,0,0,42c6a585a6541ed8d12613697952f055a662daed,34520565752
/blog/open-kitchen-cabinet-storage,768,True,3,0,0,0,42c6a585a6541ed8d12613697952f055a662daed,34520565752
/blog/open-kitchen-cabinet-storage,1024,True,3,0,0,0,42c6a585a6541ed8d12613697952f055a662daed,34520565752
/blog/open-kitchen-cabinet-storage,1366,True,3,0,0,0,42c6a585a6541ed8d12613697952f055a662daed,34520565752
/blog/open-kitchen-cabinet-storage,1440,True,3,0,0,0,42c6a585a6541ed8d12613697952f055a662daed,34520565752
/blog/open-kitchen-cabinet-storage,1920,True,3,0,0,0,42c6a585a6541ed8d12613697952f055a662daed,34520565752
/blog/outdoor-bar-cabinet-storage,320,True,3,0,0,0,42c6a585a6541ed8d12613697952f055a662daed,34520565752
/blog/outdoor-bar-cabinet-storage,390,True,3,0,0,0,42c6a585a6541ed8d12613697952f055a662daed,34520565752
/blog/outdoor-bar-cabinet-storage,430,True,3,0,0,0,42c6a585a6541ed8d12613697952f055a662daed,34520565752
/blog/outdoor-bar-cabinet-storage,600,True,3,0,0,0,42c6a585a6541ed8d12613697952f055a662daed,34520565752
/blog/outdoor-bar-cabinet-storage,768,True,3,0,0,0,42c6a585a6541ed8d12613697952f055a662daed,34520565752
/blog/outdoor-bar-cabinet-storage,1024,True,3,0,0,0,42c6a585a6541ed8d12613697952f055a662daed,34520565752
/blog/outdoor-bar-cabinet-storage,1366,True,3,0,0,0,42c6a585a6541ed8d12613697952f055a662daed,34520565752
/blog/outdoor-bar-cabinet-storage,1440,True,3,0,0,0,42c6a585a6541ed8d12613697952f055a662daed,34520565752
/blog/outdoor-bar-cabinet-storage,1920,True,3,0,0,0,42c6a585a6541ed8d12613697952f055a662daed,34520565752
/blog/outdoor-cabinet-roi,320,True,3,0,0,0,42c6a585a6541ed8d12613697952f055a662daed,34520565752
/blog/outdoor-cabinet-roi,390,True,3,0,0,0,42c6a585a6541ed8d12613697952f055a662daed,34520565752
/blog/outdoor-cabinet-roi,430,True,3,0,0,0,42c6a585a6541ed8d12613697952f055a662daed,34520565752
/blog/outdoor-cabinet-roi,600,True,3,0,0,0,42c6a585a6541ed8d12613697952f055a662daed,34520565752
/blog/outdoor-cabinet-roi,768,True,3,0,0,0,42c6a585a6541ed8d12613697952f055a662daed,34520565752
/blog/outdoor-cabinet-roi,1024,True,3,0,0,0,42c6a585a6541ed8d12613697952f055a662daed,34520565752
/blog/outdoor-cabinet-roi,1366,True,3,0,0,0,42c6a585a6541ed8d12613697952f055a662daed,34520565752
/blog/outdoor-cabinet-roi,1440,True,3,0,0,0,42c6a585a6541ed8d12613697952f055a662daed,34520565752
/blog/outdoor-cabinet-roi,1920,True,3,0,0,0,42c6a585a6541ed8d12613697952f055a662daed,34520565752
/blog/outdoor-kitchen-cabinets-boise,320,True,3,0,0,0,42c6a585a6541ed8d12613697952f055a662daed,34520565752
/blog/outdoor-kitchen-cabinets-boise,390,True,3,0,0,0,42c6a585a6541ed8d12613697952f055a662daed,34520565752
/blog/outdoor-kitchen-cabinets-boise,430,True,3,0,0,0,42c6a585a6541ed8d12613697952f055a662daed,34520565752
/blog/outdoor-kitchen-cabinets-boise,600,True,3,0,0,0,42c6a585a6541ed8d12613697952f055a662daed,34520565752
/blog/outdoor-kitchen-cabinets-boise,768,True,3,0,0,0,42c6a585a6541ed8d12613697952f055a662daed,34520565752
/blog/outdoor-kitchen-cabinets-boise,1024,True,3,0,0,0,42c6a585a6541ed8d12613697952f055a662daed,34520565752
/blog/outdoor-kitchen-cabinets-boise,1366,True,3,0,0,0,42c6a585a6541ed8d12613697952f055a662daed,34520565752
/blog/outdoor-kitchen-cabinets-boise,1440,True,3,0,0,0,42c6a585a6541ed8d12613697952f055a662daed,34520565752
/blog/outdoor-kitchen-cabinets-boise,1920,True,3,0,0,0,42c6a585a6541ed8d12613697952f055a662daed,34520565752
/blog/pantry-cabinet-ideas,320,True,3,0,0,0,42c6a585a6541ed8d12613697952f055a662daed,34520565752
/blog/pantry-cabinet-ideas,390,True,3,0,0,0,42c6a585a6541ed8d12613697952f055a662daed,34520565752
/blog/pantry-cabinet-ideas,430,True,3,0,0,0,42c6a585a6541ed8d12613697952f055a662daed,34520565752
/blog/pantry-cabinet-ideas,600,True,3,0,0,0,42c6a585a6541ed8d12613697952f055a662daed,34520565752
/blog/pantry-cabinet-ideas,768,True,3,0,0,0,42c6a585a6541ed8d12613697952f055a662daed,34520565752
/blog/pantry-cabinet-ideas,1024,True,3,0,0,0,42c6a585a6541ed8d12613697952f055a662daed,34520565752
/blog/pantry-cabinet-ideas,1366,True,3,0,0,0,42c6a585a6541ed8d12613697952f055a662daed,34520565752
/blog/pantry-cabinet-ideas,1440,True,3,0,0,0,42c6a585a6541ed8d12613697952f055a662daed,34520565752
/blog/pantry-cabinet-ideas,1920,True,3,0,0,0,42c6a585a6541ed8d12613697952f055a662daed,34520565752
/blog/premium-outdoor-cabinetry,320,True,3,0,0,0,42c6a585a6541ed8d12613697952f055a662daed,34520565752
/blog/premium-outdoor-cabinetry,390,True,3,0,0,0,42c6a585a6541ed8d12613697952f055a662daed,34520565752
/blog/premium-outdoor-cabinetry,430,True,3,0,0,0,42c6a585a6541ed8d12613697952f055a662daed,34520565752
/blog/premium-outdoor-cabinetry,600,True,3,0,0,0,42c6a585a6541ed8d12613697952f055a662daed,34520565752
/blog/premium-outdoor-cabinetry,768,True,3,0,0,0,42c6a585a6541ed8d12613697952f055a662daed,34520565752
/blog/premium-outdoor-cabinetry,1024,True,3,0,0,0,42c6a585a6541ed8d12613697952f055a662daed,34520565752
/blog/premium-outdoor-cabinetry,1366,True,3,0,0,0,42c6a585a6541ed8d12613697952f055a662daed,34520565752
/blog/premium-outdoor-cabinetry,1440,True,3,0,0,0,42c6a585a6541ed8d12613697952f055a662daed,34520565752
/blog/premium-outdoor-cabinetry,1920,True,3,0,0,0,42c6a585a6541ed8d12613697952f055a662daed,34520565752
/blog/primary-suite-closet-cabinets,320,True,3,0,0,0,42c6a585a6541ed8d12613697952f055a662daed,34520565752
/blog/primary-suite-closet-cabinets,390,True,3,0,0,0,42c6a585a6541ed8d12613697952f055a662daed,34520565752
/blog/primary-suite-closet-cabinets,430,True,3,0,0,0,42c6a585a6541ed8d12613697952f055a662daed,34520565752
/blog/primary-suite-closet-cabinets,600,True,3,0,0,0,42c6a585a6541ed8d12613697952f055a662daed,34520565752
/blog/primary-suite-closet-cabinets,768,True,3,0,0,0,42c6a585a6541ed8d12613697952f055a662daed,34520565752
/blog/primary-suite-closet-cabinets,1024,True,3,0,0,0,42c6a585a6541ed8d12613697952f055a662daed,34520565752
/blog/primary-suite-closet-cabinets,1366,True,3,0,0,0,42c6a585a6541ed8d12613697952f055a662daed,34520565752
/blog/primary-suite-closet-cabinets,1440,True,3,0,0,0,42c6a585a6541ed8d12613697952f055a662daed,34520565752
/blog/primary-suite-closet-cabinets,1920,True,3,0,0,0,42c6a585a6541ed8d12613697952f055a662daed,34520565752
/blog/questions-to-ask-cabinet-company,320,True,3,0,0,0,42c6a585a6541ed8d12613697952f055a662daed,34520565752
/blog/questions-to-ask-cabinet-company,390,True,3,0,0,0,42c6a585a6541ed8d12613697952f055a662daed,34520565752
/blog/questions-to-ask-cabinet-company,430,True,3,0,0,0,42c6a585a6541ed8d12613697952f055a662daed,34520565752
/blog/questions-to-ask-cabinet-company,600,True,3,0,0,0,42c6a585a6541ed8d12613697952f055a662daed,34520565752
/blog/questions-to-ask-cabinet-company,768,True,3,0,0,0,42c6a585a6541ed8d12613697952f055a662daed,34520565752
/blog/questions-to-ask-cabinet-company,1024,True,3,0,0,0,42c6a585a6541ed8d12613697952f055a662daed,34520565752
/blog/questions-to-ask-cabinet-company,1366,True,3,0,0,0,42c6a585a6541ed8d12613697952f055a662daed,34520565752
/blog/questions-to-ask-cabinet-company,1440,True,3,0,0,0,42c6a585a6541ed8d12613697952f055a662daed,34520565752
/blog/questions-to-ask-cabinet-company,1920,True,3,0,0,0,42c6a585a6541ed8d12613697952f055a662daed,34520565752
/blog/sage-green-kitchen-cabinets,320,True,3,0,0,0,42c6a585a6541ed8d12613697952f055a662daed,34520565752
/blog/sage-green-kitchen-cabinets,390,True,3,0,0,0,42c6a585a6541ed8d12613697952f055a662daed,34520565752
/blog/sage-green-kitchen-cabinets,430,True,3,0,0,0,42c6a585a6541ed8d12613697952f055a662daed,34520565752
/blog/sage-green-kitchen-cabinets,600,True,3,0,0,0,42c6a585a6541ed8d12613697952f055a662daed,34520565752
/blog/sage-green-kitchen-cabinets,768,True,3,0,0,0,42c6a585a6541ed8d12613697952f055a662daed,34520565752
/blog/sage-green-kitchen-cabinets,1024,True,3,0,0,0,42c6a585a6541ed8d12613697952f055a662daed,34520565752
/blog/sage-green-kitchen-cabinets,1366,True,3,0,0,0,42c6a585a6541ed8d12613697952f055a662daed,34520565752
/blog/sage-green-kitchen-cabinets,1440,True,3,0,0,0,42c6a585a6541ed8d12613697952f055a662daed,34520565752
/blog/sage-green-kitchen-cabinets,1920,True,3,0,0,0,42c6a585a6541ed8d12613697952f055a662daed,34520565752
/blog/small-bathroom-vanity-ideas,320,True,3,0,0,0,42c6a585a6541ed8d12613697952f055a662daed,34520565752
/blog/small-bathroom-vanity-ideas,390,True,3,0,0,0,42c6a585a6541ed8d12613697952f055a662daed,34520565752
/blog/small-bathroom-vanity-ideas,430,True,3,0,0,0,42c6a585a6541ed8d12613697952f055a662daed,34520565752
/blog/small-bathroom-vanity-ideas,600,True,3,0,0,0,42c6a585a6541ed8d12613697952f055a662daed,34520565752
/blog/small-bathroom-vanity-ideas,768,True,3,0,0,0,42c6a585a6541ed8d12613697952f055a662daed,34520565752
/blog/small-bathroom-vanity-ideas,1024,True,3,0,0,0,42c6a585a6541ed8d12613697952f055a662daed,34520565752
/blog/small-bathroom-vanity-ideas,1366,True,3,0,0,0,42c6a585a6541ed8d12613697952f055a662daed,34520565752
/blog/small-bathroom-vanity-ideas,1440,True,3,0,0,0,42c6a585a6541ed8d12613697952f055a662daed,34520565752
/blog/small-bathroom-vanity-ideas,1920,True,3,0,0,0,42c6a585a6541ed8d12613697952f055a662daed,34520565752
/blog/standard-kitchen-cabinet-sizes,320,True,3,0,0,0,42c6a585a6541ed8d12613697952f055a662daed,34520565752
/blog/standard-kitchen-cabinet-sizes,390,True,3,0,0,0,42c6a585a6541ed8d12613697952f055a662daed,34520565752
/blog/standard-kitchen-cabinet-sizes,430,True,3,0,0,0,42c6a585a6541ed8d12613697952f055a662daed,34520565752
/blog/standard-kitchen-cabinet-sizes,600,True,3,0,0,0,42c6a585a6541ed8d12613697952f055a662daed,34520565752
/blog/standard-kitchen-cabinet-sizes,768,True,3,0,0,0,42c6a585a6541ed8d12613697952f055a662daed,34520565752
/blog/standard-kitchen-cabinet-sizes,1024,True,3,0,0,0,42c6a585a6541ed8d12613697952f055a662daed,34520565752
/blog/standard-kitchen-cabinet-sizes,1366,True,3,0,0,0,42c6a585a6541ed8d12613697952f055a662daed,34520565752
/blog/standard-kitchen-cabinet-sizes,1440,True,3,0,0,0,42c6a585a6541ed8d12613697952f055a662daed,34520565752
/blog/standard-kitchen-cabinet-sizes,1920,True,3,0,0,0,42c6a585a6541ed8d12613697952f055a662daed,34520565752
/blog/stock-vs-custom-cabinets-boise,320,True,3,0,0,0,42c6a585a6541ed8d12613697952f055a662daed,34520565752
/blog/stock-vs-custom-cabinets-boise,390,True,3,0,0,0,42c6a585a6541ed8d12613697952f055a662daed,34520565752
/blog/stock-vs-custom-cabinets-boise,430,True,3,0,0,0,42c6a585a6541ed8d12613697952f055a662daed,34520565752
/blog/stock-vs-custom-cabinets-boise,600,True,3,0,0,0,42c6a585a6541ed8d12613697952f055a662daed,34520565752
/blog/stock-vs-custom-cabinets-boise,768,True,3,0,0,0,42c6a585a6541ed8d12613697952f055a662daed,34520565752
/blog/stock-vs-custom-cabinets-boise,1024,True,3,0,0,0,42c6a585a6541ed8d12613697952f055a662daed,34520565752
/blog/stock-vs-custom-cabinets-boise,1366,True,3,0,0,0,42c6a585a6541ed8d12613697952f055a662daed,34520565752
/blog/stock-vs-custom-cabinets-boise,1440,True,3,0,0,0,42c6a585a6541ed8d12613697952f055a662daed,34520565752
/blog/stock-vs-custom-cabinets-boise,1920,True,3,0,0,0,42c6a585a6541ed8d12613697952f055a662daed,34520565752
/blog/two-tone-kitchen-cabinets,320,True,3,0,0,0,42c6a585a6541ed8d12613697952f055a662daed,34520565752
/blog/two-tone-kitchen-cabinets,390,True,3,0,0,0,42c6a585a6541ed8d12613697952f055a662daed,34520565752
/blog/two-tone-kitchen-cabinets,430,True,3,0,0,0,42c6a585a6541ed8d12613697952f055a662daed,34520565752
/blog/two-tone-kitchen-cabinets,600,True,3,0,0,0,42c6a585a6541ed8d12613697952f055a662daed,34520565752
/blog/two-tone-kitchen-cabinets,768,True,3,0,0,0,42c6a585a6541ed8d12613697952f055a662daed,34520565752
/blog/two-tone-kitchen-cabinets,1024,True,3,0,0,0,42c6a585a6541ed8d12613697952f055a662daed,34520565752
/blog/two-tone-kitchen-cabinets,1366,True,3,0,0,0,42c6a585a6541ed8d12613697952f055a662daed,34520565752
/blog/two-tone-kitchen-cabinets,1440,True,3,0,0,0,42c6a585a6541ed8d12613697952f055a662daed,34520565752
/blog/two-tone-kitchen-cabinets,1920,True,3,0,0,0,42c6a585a6541ed8d12613697952f055a662daed,34520565752
/blog/walk-in-pantry-design-guide,320,True,3,0,0,0,42c6a585a6541ed8d12613697952f055a662daed,34520565752
/blog/walk-in-pantry-design-guide,390,True,3,0,0,0,42c6a585a6541ed8d12613697952f055a662daed,34520565752
/blog/walk-in-pantry-design-guide,430,True,3,0,0,0,42c6a585a6541ed8d12613697952f055a662daed,34520565752
/blog/walk-in-pantry-design-guide,600,True,3,0,0,0,42c6a585a6541ed8d12613697952f055a662daed,34520565752
/blog/walk-in-pantry-design-guide,768,True,3,0,0,0,42c6a585a6541ed8d12613697952f055a662daed,34520565752
/blog/walk-in-pantry-design-guide,1024,True,3,0,0,0,42c6a585a6541ed8d12613697952f055a662daed,34520565752
/blog/walk-in-pantry-design-guide,1366,True,3,0,0,0,42c6a585a6541ed8d12613697952f055a662daed,34520565752
/blog/walk-in-pantry-design-guide,1440,True,3,0,0,0,42c6a585a6541ed8d12613697952f055a662daed,34520565752
/blog/walk-in-pantry-design-guide,1920,True,3,0,0,0,42c6a585a6541ed8d12613697952f055a662daed,34520565752
/blog/what-are-rta-cabinets,320,True,3,0,0,0,42c6a585a6541ed8d12613697952f055a662daed,34520565752
/blog/what-are-rta-cabinets,390,True,3,0,0,0,42c6a585a6541ed8d12613697952f055a662daed,34520565752
/blog/what-are-rta-cabinets,430,True,3,0,0,0,42c6a585a6541ed8d12613697952f055a662daed,34520565752
/blog/what-are-rta-cabinets,600,True,3,0,0,0,42c6a585a6541ed8d12613697952f055a662daed,34520565752
/blog/what-are-rta-cabinets,768,True,3,0,0,0,42c6a585a6541ed8d12613697952f055a662daed,34520565752
/blog/what-are-rta-cabinets,1024,True,3,0,0,0,42c6a585a6541ed8d12613697952f055a662daed,34520565752
/blog/what-are-rta-cabinets,1366,True,3,0,0,0,42c6a585a6541ed8d12613697952f055a662daed,34520565752
/blog/what-are-rta-cabinets,1440,True,3,0,0,0,42c6a585a6541ed8d12613697952f055a662daed,34520565752
/blog/what-are-rta-cabinets,1920,True,3,0,0,0,42c6a585a6541ed8d12613697952f055a662daed,34520565752
/blog/what-are-shaker-cabinets,320,True,3,0,0,0,42c6a585a6541ed8d12613697952f055a662daed,34520565752
/blog/what-are-shaker-cabinets,390,True,3,0,0,0,42c6a585a6541ed8d12613697952f055a662daed,34520565752
/blog/what-are-shaker-cabinets,430,True,3,0,0,0,42c6a585a6541ed8d12613697952f055a662daed,34520565752
/blog/what-are-shaker-cabinets,600,True,3,0,0,0,42c6a585a6541ed8d12613697952f055a662daed,34520565752
/blog/what-are-shaker-cabinets,768,True,3,0,0,0,42c6a585a6541ed8d12613697952f055a662daed,34520565752
/blog/what-are-shaker-cabinets,1024,True,3,0,0,0,42c6a585a6541ed8d12613697952f055a662daed,34520565752
/blog/what-are-shaker-cabinets,1366,True,3,0,0,0,42c6a585a6541ed8d12613697952f055a662daed,34520565752
/blog/what-are-shaker-cabinets,1440,True,3,0,0,0,42c6a585a6541ed8d12613697952f055a662daed,34520565752
/blog/what-are-shaker-cabinets,1920,True,3,0,0,0,42c6a585a6541ed8d12613697952f055a662daed,34520565752
/blog/what-impacts-cabinet-costs-boise,320,True,3,0,0,0,42c6a585a6541ed8d12613697952f055a662daed,34520565752
/blog/what-impacts-cabinet-costs-boise,390,True,3,0,0,0,42c6a585a6541ed8d12613697952f055a662daed,34520565752
/blog/what-impacts-cabinet-costs-boise,430,True,3,0,0,0,42c6a585a6541ed8d12613697952f055a662daed,34520565752
/blog/what-impacts-cabinet-costs-boise,600,True,3,0,0,0,42c6a585a6541ed8d12613697952f055a662daed,34520565752
/blog/what-impacts-cabinet-costs-boise,768,True,3,0,0,0,42c6a585a6541ed8d12613697952f055a662daed,34520565752
/blog/what-impacts-cabinet-costs-boise,1024,True,3,0,0,0,42c6a585a6541ed8d12613697952f055a662daed,34520565752
/blog/what-impacts-cabinet-costs-boise,1366,True,3,0,0,0,42c6a585a6541ed8d12613697952f055a662daed,34520565752
/blog/what-impacts-cabinet-costs-boise,1440,True,3,0,0,0,42c6a585a6541ed8d12613697952f055a662daed,34520565752
/blog/what-impacts-cabinet-costs-boise,1920,True,3,0,0,0,42c6a585a6541ed8d12613697952f055a662daed,34520565752
/blog/what-makes-great-cabinet-company,320,True,3,0,0,0,42c6a585a6541ed8d12613697952f055a662daed,34520565752
/blog/what-makes-great-cabinet-company,390,True,3,0,0,0,42c6a585a6541ed8d12613697952f055a662daed,34520565752
/blog/what-makes-great-cabinet-company,430,True,3,0,0,0,42c6a585a6541ed8d12613697952f055a662daed,34520565752
/blog/what-makes-great-cabinet-company,600,True,3,0,0,0,42c6a585a6541ed8d12613697952f055a662daed,34520565752
/blog/what-makes-great-cabinet-company,768,True,3,0,0,0,42c6a585a6541ed8d12613697952f055a662daed,34520565752
/blog/what-makes-great-cabinet-company,1024,True,3,0,0,0,42c6a585a6541ed8d12613697952f055a662daed,34520565752
/blog/what-makes-great-cabinet-company,1366,True,3,0,0,0,42c6a585a6541ed8d12613697952f055a662daed,34520565752
/blog/what-makes-great-cabinet-company,1440,True,3,0,0,0,42c6a585a6541ed8d12613697952f055a662daed,34520565752
/blog/what-makes-great-cabinet-company,1920,True,3,0,0,0,42c6a585a6541ed8d12613697952f055a662daed,34520565752
/blog/whole-home-cabinet-cost-boise,320,True,3,0,0,0,42c6a585a6541ed8d12613697952f055a662daed,34520565752
/blog/whole-home-cabinet-cost-boise,390,True,3,0,0,0,42c6a585a6541ed8d12613697952f055a662daed,34520565752
/blog/whole-home-cabinet-cost-boise,430,True,3,0,0,0,42c6a585a6541ed8d12613697952f055a662daed,34520565752
/blog/whole-home-cabinet-cost-boise,600,True,3,0,0,0,42c6a585a6541ed8d12613697952f055a662daed,34520565752
/blog/whole-home-cabinet-cost-boise,768,True,3,0,0,0,42c6a585a6541ed8d12613697952f055a662daed,34520565752
/blog/whole-home-cabinet-cost-boise,1024,True,3,0,0,0,42c6a585a6541ed8d12613697952f055a662daed,34520565752
/blog/whole-home-cabinet-cost-boise,1366,True,3,0,0,0,42c6a585a6541ed8d12613697952f055a662daed,34520565752
/blog/whole-home-cabinet-cost-boise,1440,True,3,0,0,0,42c6a585a6541ed8d12613697952f055a662daed,34520565752
/blog/whole-home-cabinet-cost-boise,1920,True,3,0,0,0,42c6a585a6541ed8d12613697952f055a662daed,34520565752
/blog/whole-home-cabinet-timeline,320,True,3,0,0,0,42c6a585a6541ed8d12613697952f055a662daed,34520565752
/blog/whole-home-cabinet-timeline,390,True,3,0,0,0,42c6a585a6541ed8d12613697952f055a662daed,34520565752
/blog/whole-home-cabinet-timeline,430,True,3,0,0,0,42c6a585a6541ed8d12613697952f055a662daed,34520565752
/blog/whole-home-cabinet-timeline,600,True,3,0,0,0,42c6a585a6541ed8d12613697952f055a662daed,34520565752
/blog/whole-home-cabinet-timeline,768,True,3,0,0,0,42c6a585a6541ed8d12613697952f055a662daed,34520565752
/blog/whole-home-cabinet-timeline,1024,True,3,0,0,0,42c6a585a6541ed8d12613697952f055a662daed,34520565752
/blog/whole-home-cabinet-timeline,1366,True,3,0,0,0,42c6a585a6541ed8d12613697952f055a662daed,34520565752
/blog/whole-home-cabinet-timeline,1440,True,3,0,0,0,42c6a585a6541ed8d12613697952f055a662daed,34520565752
/blog/whole-home-cabinet-timeline,1920,True,3,0,0,0,42c6a585a6541ed8d12613697952f055a662daed,34520565752
/blog/why-cabinet-quotes-vary,320,True,3,0,0,0,42c6a585a6541ed8d12613697952f055a662daed,34520565752
/blog/why-cabinet-quotes-vary,390,True,3,0,0,0,42c6a585a6541ed8d12613697952f055a662daed,34520565752
/blog/why-cabinet-quotes-vary,430,True,3,0,0,0,42c6a585a6541ed8d12613697952f055a662daed,34520565752
/blog/why-cabinet-quotes-vary,600,True,3,0,0,0,42c6a585a6541ed8d12613697952f055a662daed,34520565752
/blog/why-cabinet-quotes-vary,768,True,3,0,0,0,42c6a585a6541ed8d12613697952f055a662daed,34520565752
/blog/why-cabinet-quotes-vary,1024,True,3,0,0,0,42c6a585a6541ed8d12613697952f055a662daed,34520565752
/blog/why-cabinet-quotes-vary,1366,True,3,0,0,0,42c6a585a6541ed8d12613697952f055a662daed,34520565752
/blog/why-cabinet-quotes-vary,1440,True,3,0,0,0,42c6a585a6541ed8d12613697952f055a662daed,34520565752
/blog/why-cabinet-quotes-vary,1920,True,3,0,0,0,42c6a585a6541ed8d12613697952f055a662daed,34520565752
/builders,320,True,3,0,0,0,42c6a585a6541ed8d12613697952f055a662daed,34520565752
/builders,390,True,3,0,0,0,42c6a585a6541ed8d12613697952f055a662daed,34520565752
/builders,430,True,3,0,0,0,42c6a585a6541ed8d12613697952f055a662daed,34520565752
/builders,600,True,3,0,0,0,42c6a585a6541ed8d12613697952f055a662daed,34520565752
/builders,768,True,3,0,0,0,42c6a585a6541ed8d12613697952f055a662daed,34520565752
/builders,1024,True,3,0,0,0,42c6a585a6541ed8d12613697952f055a662daed,34520565752
/builders,1366,True,3,0,0,0,42c6a585a6541ed8d12613697952f055a662daed,34520565752
/builders,1440,True,3,0,0,0,42c6a585a6541ed8d12613697952f055a662daed,34520565752
/builders,1920,True,3,0,0,0,42c6a585a6541ed8d12613697952f055a662daed,34520565752
/cabinets,320,True,4,0,0,0,42c6a585a6541ed8d12613697952f055a662daed,34520565752
/cabinets,390,True,4,0,0,0,42c6a585a6541ed8d12613697952f055a662daed,34520565752
/cabinets,430,True,4,0,0,0,42c6a585a6541ed8d12613697952f055a662daed,34520565752
/cabinets,600,True,4,0,0,0,42c6a585a6541ed8d12613697952f055a662daed,34520565752
/cabinets,768,True,4,0,0,0,42c6a585a6541ed8d12613697952f055a662daed,34520565752
/cabinets,1024,True,4,0,0,0,42c6a585a6541ed8d12613697952f055a662daed,34520565752
/cabinets,1366,True,4,0,0,0,42c6a585a6541ed8d12613697952f055a662daed,34520565752
/cabinets,1440,True,4,0,0,0,42c6a585a6541ed8d12613697952f055a662daed,34520565752
/cabinets,1920,True,4,0,0,0,42c6a585a6541ed8d12613697952f055a662daed,34520565752
/cabinets/bathroom,320,True,15,0,0,0,59af7319b59b431dd6d72ec0b556c25265d1f5f1,34522534543
/cabinets/bathroom,390,True,15,0,0,0,59af7319b59b431dd6d72ec0b556c25265d1f5f1,34522534543
/cabinets/bathroom,430,True,15,0,0,0,59af7319b59b431dd6d72ec0b556c25265d1f5f1,34522534543
/cabinets/bathroom,600,True,15,0,0,0,59af7319b59b431dd6d72ec0b556c25265d1f5f1,34522534543
/cabinets/bathroom,768,True,15,0,0,0,59af7319b59b431dd6d72ec0b556c25265d1f5f1,34522534543
/cabinets/bathroom,1024,True,15,0,0,0,59af7319b59b431dd6d72ec0b556c25265d1f5f1,34522534543
/cabinets/bathroom,1366,True,15,0,0,0,59af7319b59b431dd6d72ec0b556c25265d1f5f1,34522534543
/cabinets/bathroom,1440,True,15,0,0,0,59af7319b59b431dd6d72ec0b556c25265d1f5f1,34522534543
/cabinets/bathroom,1920,True,15,0,0,0,59af7319b59b431dd6d72ec0b556c25265d1f5f1,34522534543
/cabinets/bedroom,320,True,14,0,0,0,59af7319b59b431dd6d72ec0b556c25265d1f5f1,34522534543
/cabinets/bedroom,390,True,14,0,0,0,59af7319b59b431dd6d72ec0b556c25265d1f5f1,34522534543
/cabinets/bedroom,430,True,14,0,0,0,59af7319b59b431dd6d72ec0b556c25265d1f5f1,34522534543
/cabinets/bedroom,600,True,14,0,0,0,59af7319b59b431dd6d72ec0b556c25265d1f5f1,34522534543
/cabinets/bedroom,768,True,14,0,0,0,59af7319b59b431dd6d72ec0b556c25265d1f5f1,34522534543
/cabinets/bedroom,1024,True,14,0,0,0,59af7319b59b431dd6d72ec0b556c25265d1f5f1,34522534543
/cabinets/bedroom,1366,True,14,0,0,0,59af7319b59b431dd6d72ec0b556c25265d1f5f1,34522534543
/cabinets/bedroom,1440,True,14,0,0,0,59af7319b59b431dd6d72ec0b556c25265d1f5f1,34522534543
/cabinets/bedroom,1920,True,14,0,0,0,59af7319b59b431dd6d72ec0b556c25265d1f5f1,34522534543
/cabinets/built-ins,320,True,15,0,0,0,59af7319b59b431dd6d72ec0b556c25265d1f5f1,34522534543
/cabinets/built-ins,390,True,15,0,0,0,59af7319b59b431dd6d72ec0b556c25265d1f5f1,34522534543
/cabinets/built-ins,430,True,15,0,0,0,59af7319b59b431dd6d72ec0b556c25265d1f5f1,34522534543
/cabinets/built-ins,600,True,15,0,0,0,59af7319b59b431dd6d72ec0b556c25265d1f5f1,34522534543
/cabinets/built-ins,768,True,15,0,0,0,59af7319b59b431dd6d72ec0b556c25265d1f5f1,34522534543
/cabinets/built-ins,1024,True,15,0,0,0,59af7319b59b431dd6d72ec0b556c25265d1f5f1,34522534543
/cabinets/built-ins,1366,True,15,0,0,0,59af7319b59b431dd6d72ec0b556c25265d1f5f1,34522534543
/cabinets/built-ins,1440,True,15,0,0,0,59af7319b59b431dd6d72ec0b556c25265d1f5f1,34522534543
/cabinets/built-ins,1920,True,15,0,0,0,59af7319b59b431dd6d72ec0b556c25265d1f5f1,34522534543
/cabinets/closet,320,True,14,0,0,0,59af7319b59b431dd6d72ec0b556c25265d1f5f1,34522534543
/cabinets/closet,390,True,14,0,0,0,59af7319b59b431dd6d72ec0b556c25265d1f5f1,34522534543
/cabinets/closet,430,True,14,0,0,0,59af7319b59b431dd6d72ec0b556c25265d1f5f1,34522534543
/cabinets/closet,600,True,14,0,0,0,59af7319b59b431dd6d72ec0b556c25265d1f5f1,34522534543
/cabinets/closet,768,True,14,0,0,0,59af7319b59b431dd6d72ec0b556c25265d1f5f1,34522534543
/cabinets/closet,1024,True,14,0,0,0,59af7319b59b431dd6d72ec0b556c25265d1f5f1,34522534543
/cabinets/closet,1366,True,14,0,0,0,59af7319b59b431dd6d72ec0b556c25265d1f5f1,34522534543
/cabinets/closet,1440,True,14,0,0,0,59af7319b59b431dd6d72ec0b556c25265d1f5f1,34522534543
/cabinets/closet,1920,True,14,0,0,0,59af7319b59b431dd6d72ec0b556c25265d1f5f1,34522534543
/cabinets/entertainment,320,True,14,0,0,0,59af7319b59b431dd6d72ec0b556c25265d1f5f1,34522534543
/cabinets/entertainment,390,True,14,0,0,0,59af7319b59b431dd6d72ec0b556c25265d1f5f1,34522534543
/cabinets/entertainment,430,True,14,0,0,0,59af7319b59b431dd6d72ec0b556c25265d1f5f1,34522534543
/cabinets/entertainment,600,True,14,0,0,0,59af7319b59b431dd6d72ec0b556c25265d1f5f1,34522534543
/cabinets/entertainment,768,True,14,0,0,0,59af7319b59b431dd6d72ec0b556c25265d1f5f1,34522534543
/cabinets/entertainment,1024,True,14,0,0,0,59af7319b59b431dd6d72ec0b556c25265d1f5f1,34522534543
/cabinets/entertainment,1366,True,14,0,0,0,59af7319b59b431dd6d72ec0b556c25265d1f5f1,34522534543
/cabinets/entertainment,1440,True,14,0,0,0,59af7319b59b431dd6d72ec0b556c25265d1f5f1,34522534543
/cabinets/entertainment,1920,True,14,0,0,0,59af7319b59b431dd6d72ec0b556c25265d1f5f1,34522534543
/cabinets/garage,320,True,14,0,0,0,a6174fa6f51f5a3d5901e0b786a73154b827440f,34524608499
/cabinets/garage,390,True,14,0,0,0,a6174fa6f51f5a3d5901e0b786a73154b827440f,34524608499
/cabinets/garage,430,True,14,0,0,0,a6174fa6f51f5a3d5901e0b786a73154b827440f,34524608499
/cabinets/garage,600,True,14,0,0,0,a6174fa6f51f5a3d5901e0b786a73154b827440f,34524608499
/cabinets/garage,768,True,14,0,0,0,a6174fa6f51f5a3d5901e0b786a73154b827440f,34524608499
/cabinets/garage,1024,True,14,0,0,0,a6174fa6f51f5a3d5901e0b786a73154b827440f,34524608499
/cabinets/garage,1366,True,14,0,0,0,a6174fa6f51f5a3d5901e0b786a73154b827440f,34524608499
/cabinets/garage,1440,True,14,0,0,0,a6174fa6f51f5a3d5901e0b786a73154b827440f,34524608499
/cabinets/garage,1920,True,14,0,0,0,a6174fa6f51f5a3d5901e0b786a73154b827440f,34524608499
/cabinets/home-office,320,True,13,0,0,0,59af7319b59b431dd6d72ec0b556c25265d1f5f1,34522534543
/cabinets/home-office,390,True,13,0,0,0,59af7319b59b431dd6d72ec0b556c25265d1f5f1,34522534543
/cabinets/home-office,430,True,13,0,0,0,59af7319b59b431dd6d72ec0b556c25265d1f5f1,34522534543
/cabinets/home-office,600,True,13,0,0,0,59af7319b59b431dd6d72ec0b556c25265d1f5f1,34522534543
/cabinets/home-office,768,True,13,0,0,0,59af7319b59b431dd6d72ec0b556c25265d1f5f1,34522534543
/cabinets/home-office,1024,True,13,0,0,0,59af7319b59b431dd6d72ec0b556c25265d1f5f1,34522534543
/cabinets/home-office,1366,True,13,0,0,0,59af7319b59b431dd6d72ec0b556c25265d1f5f1,34522534543
/cabinets/home-office,1440,True,13,0,0,0,59af7319b59b431dd6d72ec0b556c25265d1f5f1,34522534543
/cabinets/home-office,1920,True,13,0,0,0,59af7319b59b431dd6d72ec0b556c25265d1f5f1,34522534543
/cabinets/kitchen,320,True,15,0,0,0,59af7319b59b431dd6d72ec0b556c25265d1f5f1,34522534543
/cabinets/kitchen,390,True,15,0,0,0,59af7319b59b431dd6d72ec0b556c25265d1f5f1,34522534543
/cabinets/kitchen,430,True,15,0,0,0,59af7319b59b431dd6d72ec0b556c25265d1f5f1,34522534543
/cabinets/kitchen,600,True,15,0,0,0,59af7319b59b431dd6d72ec0b556c25265d1f5f1,34522534543
/cabinets/kitchen,768,True,15,0,0,0,59af7319b59b431dd6d72ec0b556c25265d1f5f1,34522534543
/cabinets/kitchen,1024,True,15,0,0,0,59af7319b59b431dd6d72ec0b556c25265d1f5f1,34522534543
/cabinets/kitchen,1366,True,15,0,0,0,59af7319b59b431dd6d72ec0b556c25265d1f5f1,34522534543
/cabinets/kitchen,1440,True,15,0,0,0,59af7319b59b431dd6d72ec0b556c25265d1f5f1,34522534543
/cabinets/kitchen,1920,True,15,0,0,0,59af7319b59b431dd6d72ec0b556c25265d1f5f1,34522534543
/cabinets/laundry,320,True,14,0,0,0,59af7319b59b431dd6d72ec0b556c25265d1f5f1,34522534543
/cabinets/laundry,390,True,14,0,0,0,59af7319b59b431dd6d72ec0b556c25265d1f5f1,34522534543
/cabinets/laundry,430,True,14,0,0,0,59af7319b59b431dd6d72ec0b556c25265d1f5f1,34522534543
/cabinets/laundry,600,True,14,0,0,0,59af7319b59b431dd6d72ec0b556c25265d1f5f1,34522534543
/cabinets/laundry,768,True,14,0,0,0,59af7319b59b431dd6d72ec0b556c25265d1f5f1,34522534543
/cabinets/laundry,1024,True,14,0,0,0,59af7319b59b431dd6d72ec0b556c25265d1f5f1,34522534543
/cabinets/laundry,1366,True,14,0,0,0,59af7319b59b431dd6d72ec0b556c25265d1f5f1,34522534543
/cabinets/laundry,1440,True,14,0,0,0,59af7319b59b431dd6d72ec0b556c25265d1f5f1,34522534543
/cabinets/laundry,1920,True,14,0,0,0,59af7319b59b431dd6d72ec0b556c25265d1f5f1,34522534543
/cabinets/mudroom,320,True,13,0,0,0,59af7319b59b431dd6d72ec0b556c25265d1f5f1,34522534543
/cabinets/mudroom,390,True,13,0,0,0,59af7319b59b431dd6d72ec0b556c25265d1f5f1,34522534543
/cabinets/mudroom,430,True,13,0,0,0,59af7319b59b431dd6d72ec0b556c25265d1f5f1,34522534543
/cabinets/mudroom,600,True,13,0,0,0,59af7319b59b431dd6d72ec0b556c25265d1f5f1,34522534543
/cabinets/mudroom,768,True,13,0,0,0,59af7319b59b431dd6d72ec0b556c25265d1f5f1,34522534543
/cabinets/mudroom,1024,True,13,0,0,0,59af7319b59b431dd6d72ec0b556c25265d1f5f1,34522534543
/cabinets/mudroom,1366,True,13,0,0,0,59af7319b59b431dd6d72ec0b556c25265d1f5f1,34522534543
/cabinets/mudroom,1440,True,13,0,0,0,59af7319b59b431dd6d72ec0b556c25265d1f5f1,34522534543
/cabinets/mudroom,1920,True,13,0,0,0,59af7319b59b431dd6d72ec0b556c25265d1f5f1,34522534543
/cabinets/outdoor,320,True,14,0,0,0,59af7319b59b431dd6d72ec0b556c25265d1f5f1,34522534543
/cabinets/outdoor,390,True,14,0,0,0,59af7319b59b431dd6d72ec0b556c25265d1f5f1,34522534543
/cabinets/outdoor,430,True,14,0,0,0,59af7319b59b431dd6d72ec0b556c25265d1f5f1,34522534543
/cabinets/outdoor,600,True,14,0,0,0,59af7319b59b431dd6d72ec0b556c25265d1f5f1,34522534543
/cabinets/outdoor,768,True,14,0,0,0,59af7319b59b431dd6d72ec0b556c25265d1f5f1,34522534543
/cabinets/outdoor,1024,True,14,0,0,0,59af7319b59b431dd6d72ec0b556c25265d1f5f1,34522534543
/cabinets/outdoor,1366,True,14,0,0,0,59af7319b59b431dd6d72ec0b556c25265d1f5f1,34522534543
/cabinets/outdoor,1440,True,14,0,0,0,59af7319b59b431dd6d72ec0b556c25265d1f5f1,34522534543
/cabinets/outdoor,1920,True,14,0,0,0,59af7319b59b431dd6d72ec0b556c25265d1f5f1,34522534543
/cabinets/pantry,320,True,14,0,0,0,59af7319b59b431dd6d72ec0b556c25265d1f5f1,34522534543
/cabinets/pantry,390,True,14,0,0,0,59af7319b59b431dd6d72ec0b556c25265d1f5f1,34522534543
/cabinets/pantry,430,True,14,0,0,0,59af7319b59b431dd6d72ec0b556c25265d1f5f1,34522534543
/cabinets/pantry,600,True,14,0,0,0,59af7319b59b431dd6d72ec0b556c25265d1f5f1,34522534543
/cabinets/pantry,768,True,14,0,0,0,59af7319b59b431dd6d72ec0b556c25265d1f5f1,34522534543
/cabinets/pantry,1024,True,14,0,0,0,59af7319b59b431dd6d72ec0b556c25265d1f5f1,34522534543
/cabinets/pantry,1366,True,14,0,0,0,59af7319b59b431dd6d72ec0b556c25265d1f5f1,34522534543
/cabinets/pantry,1440,True,14,0,0,0,59af7319b59b431dd6d72ec0b556c25265d1f5f1,34522534543
/cabinets/pantry,1920,True,14,0,0,0,59af7319b59b431dd6d72ec0b556c25265d1f5f1,34522534543
/cabinets/wet-bar,320,True,15,0,0,0,59af7319b59b431dd6d72ec0b556c25265d1f5f1,34522534543
/cabinets/wet-bar,390,True,15,0,0,0,59af7319b59b431dd6d72ec0b556c25265d1f5f1,34522534543
/cabinets/wet-bar,430,True,15,0,0,0,59af7319b59b431dd6d72ec0b556c25265d1f5f1,34522534543
/cabinets/wet-bar,600,True,15,0,0,0,59af7319b59b431dd6d72ec0b556c25265d1f5f1,34522534543
/cabinets/wet-bar,768,True,15,0,0,0,59af7319b59b431dd6d72ec0b556c25265d1f5f1,34522534543
/cabinets/wet-bar,1024,True,15,0,0,0,59af7319b59b431dd6d72ec0b556c25265d1f5f1,34522534543
/cabinets/wet-bar,1366,True,15,0,0,0,59af7319b59b431dd6d72ec0b556c25265d1f5f1,34522534543
/cabinets/wet-bar,1440,True,15,0,0,0,59af7319b59b431dd6d72ec0b556c25265d1f5f1,34522534543
/cabinets/wet-bar,1920,True,15,0,0,0,59af7319b59b431dd6d72ec0b556c25265d1f5f1,34522534543
/catalog,320,True,2,0,0,0,42c6a585a6541ed8d12613697952f055a662daed,34520565752
/catalog,390,True,2,0,0,0,42c6a585a6541ed8d12613697952f055a662daed,34520565752
/catalog,430,True,2,0,0,0,42c6a585a6541ed8d12613697952f055a662daed,34520565752
/catalog,600,True,2,0,0,0,42c6a585a6541ed8d12613697952f055a662daed,34520565752
/catalog,768,True,2,0,0,0,42c6a585a6541ed8d12613697952f055a662daed,34520565752
/catalog,1024,True,2,0,0,0,42c6a585a6541ed8d12613697952f055a662daed,34520565752
/catalog,1366,True,2,0,0,0,42c6a585a6541ed8d12613697952f055a662daed,34520565752
/catalog,1440,True,2,0,0,0,42c6a585a6541ed8d12613697952f055a662daed,34520565752
/catalog,1920,True,2,0,0,0,42c6a585a6541ed8d12613697952f055a662daed,34520565752
/compare,320,True,12,0,0,0,42c6a585a6541ed8d12613697952f055a662daed,34520565752
/compare,390,True,12,0,0,0,42c6a585a6541ed8d12613697952f055a662daed,34520565752
/compare,430,True,12,0,0,0,42c6a585a6541ed8d12613697952f055a662daed,34520565752
/compare,600,True,12,0,0,0,42c6a585a6541ed8d12613697952f055a662daed,34520565752
/compare,768,True,12,0,0,0,42c6a585a6541ed8d12613697952f055a662daed,34520565752
/compare,1024,True,12,0,0,0,42c6a585a6541ed8d12613697952f055a662daed,34520565752
/compare,1366,True,12,0,0,0,42c6a585a6541ed8d12613697952f055a662daed,34520565752
/compare,1440,True,12,0,0,0,42c6a585a6541ed8d12613697952f055a662daed,34520565752
/compare,1920,True,12,0,0,0,42c6a585a6541ed8d12613697952f055a662daed,34520565752
/construction,320,True,4,0,0,0,42c6a585a6541ed8d12613697952f055a662daed,34520565752
/construction,390,True,4,0,0,0,42c6a585a6541ed8d12613697952f055a662daed,34520565752
/construction,430,True,4,0,0,0,42c6a585a6541ed8d12613697952f055a662daed,34520565752
/construction,600,True,4,0,0,0,42c6a585a6541ed8d12613697952f055a662daed,34520565752
/construction,768,True,4,0,0,0,42c6a585a6541ed8d12613697952f055a662daed,34520565752
/construction,1024,True,4,0,0,0,42c6a585a6541ed8d12613697952f055a662daed,34520565752
/construction,1366,True,4,0,0,0,42c6a585a6541ed8d12613697952f055a662daed,34520565752
/construction,1440,True,4,0,0,0,42c6a585a6541ed8d12613697952f055a662daed,34520565752
/construction,1920,True,4,0,0,0,42c6a585a6541ed8d12613697952f055a662daed,34520565752
/contact,320,True,5,0,0,0,42c6a585a6541ed8d12613697952f055a662daed,34520565752
/contact,390,True,5,0,0,0,42c6a585a6541ed8d12613697952f055a662daed,34520565752
/contact,430,True,5,0,0,0,42c6a585a6541ed8d12613697952f055a662daed,34520565752
/contact,600,True,5,0,0,0,42c6a585a6541ed8d12613697952f055a662daed,34520565752
/contact,768,True,5,0,0,0,42c6a585a6541ed8d12613697952f055a662daed,34520565752
/contact,1024,True,5,0,0,0,42c6a585a6541ed8d12613697952f055a662daed,34520565752
/contact,1366,True,5,0,0,0,42c6a585a6541ed8d12613697952f055a662daed,34520565752
/contact,1440,True,5,0,0,0,42c6a585a6541ed8d12613697952f055a662daed,34520565752
/contact,1920,True,5,0,0,0,42c6a585a6541ed8d12613697952f055a662daed,34520565752
/estimate,320,True,9,0,0,0,42c6a585a6541ed8d12613697952f055a662daed,34520565752
/estimate,390,True,9,0,0,0,42c6a585a6541ed8d12613697952f055a662daed,34520565752
/estimate,430,True,9,0,0,0,42c6a585a6541ed8d12613697952f055a662daed,34520565752
/estimate,600,True,9,0,0,0,42c6a585a6541ed8d12613697952f055a662daed,34520565752
/estimate,768,True,9,0,0,0,42c6a585a6541ed8d12613697952f055a662daed,34520565752
/estimate,1024,True,9,0,0,0,42c6a585a6541ed8d12613697952f055a662daed,34520565752
/estimate,1366,True,9,0,0,0,42c6a585a6541ed8d12613697952f055a662daed,34520565752
/estimate,1440,True,9,0,0,0,42c6a585a6541ed8d12613697952f055a662daed,34520565752
/estimate,1920,True,9,0,0,0,42c6a585a6541ed8d12613697952f055a662daed,34520565752
/estimate/scope,320,True,2,0,0,0,59af7319b59b431dd6d72ec0b556c25265d1f5f1,34522534543
/estimate/scope,390,True,2,0,0,0,59af7319b59b431dd6d72ec0b556c25265d1f5f1,34522534543
/estimate/scope,430,True,2,0,0,0,59af7319b59b431dd6d72ec0b556c25265d1f5f1,34522534543
/estimate/scope,600,True,2,0,0,0,59af7319b59b431dd6d72ec0b556c25265d1f5f1,34522534543
/estimate/scope,768,True,2,0,0,0,59af7319b59b431dd6d72ec0b556c25265d1f5f1,34522534543
/estimate/scope,1024,True,2,0,0,0,59af7319b59b431dd6d72ec0b556c25265d1f5f1,34522534543
/estimate/scope,1366,True,2,0,0,0,59af7319b59b431dd6d72ec0b556c25265d1f5f1,34522534543
/estimate/scope,1440,True,2,0,0,0,59af7319b59b431dd6d72ec0b556c25265d1f5f1,34522534543
/estimate/scope,1920,True,2,0,0,0,59af7319b59b431dd6d72ec0b556c25265d1f5f1,34522534543
/guides,320,True,11,0,0,0,42c6a585a6541ed8d12613697952f055a662daed,34520565752
/guides,390,True,11,0,0,0,42c6a585a6541ed8d12613697952f055a662daed,34520565752
/guides,430,True,11,0,0,0,42c6a585a6541ed8d12613697952f055a662daed,34520565752
/guides,600,True,11,0,0,0,42c6a585a6541ed8d12613697952f055a662daed,34520565752
/guides,768,True,11,0,0,0,42c6a585a6541ed8d12613697952f055a662daed,34520565752
/guides,1024,True,11,0,0,0,42c6a585a6541ed8d12613697952f055a662daed,34520565752
/guides,1366,True,11,0,0,0,42c6a585a6541ed8d12613697952f055a662daed,34520565752
/guides,1440,True,11,0,0,0,42c6a585a6541ed8d12613697952f055a662daed,34520565752
/guides,1920,True,11,0,0,0,42c6a585a6541ed8d12613697952f055a662daed,34520565752
/guides/boise-bathroom-vanity-guide,320,True,10,0,0,0,42c6a585a6541ed8d12613697952f055a662daed,34520565752
/guides/boise-bathroom-vanity-guide,390,True,10,0,0,0,42c6a585a6541ed8d12613697952f055a662daed,34520565752
/guides/boise-bathroom-vanity-guide,430,True,10,0,0,0,42c6a585a6541ed8d12613697952f055a662daed,34520565752
/guides/boise-bathroom-vanity-guide,600,True,10,0,0,0,42c6a585a6541ed8d12613697952f055a662daed,34520565752
/guides/boise-bathroom-vanity-guide,768,True,10,0,0,0,42c6a585a6541ed8d12613697952f055a662daed,34520565752
/guides/boise-bathroom-vanity-guide,1024,True,10,0,0,0,42c6a585a6541ed8d12613697952f055a662daed,34520565752
/guides/boise-bathroom-vanity-guide,1366,True,10,0,0,0,42c6a585a6541ed8d12613697952f055a662daed,34520565752
/guides/boise-bathroom-vanity-guide,1440,True,10,0,0,0,42c6a585a6541ed8d12613697952f055a662daed,34520565752
/guides/boise-bathroom-vanity-guide,1920,True,10,0,0,0,42c6a585a6541ed8d12613697952f055a662daed,34520565752
/guides/boise-cabinet-cost-guide,320,True,27,0,0,0,42c6a585a6541ed8d12613697952f055a662daed,34520565752
/guides/boise-cabinet-cost-guide,390,True,27,0,0,0,42c6a585a6541ed8d12613697952f055a662daed,34520565752
/guides/boise-cabinet-cost-guide,430,True,27,0,0,0,42c6a585a6541ed8d12613697952f055a662daed,34520565752
/guides/boise-cabinet-cost-guide,600,True,27,0,0,0,42c6a585a6541ed8d12613697952f055a662daed,34520565752
/guides/boise-cabinet-cost-guide,768,True,27,0,0,0,42c6a585a6541ed8d12613697952f055a662daed,34520565752
/guides/boise-cabinet-cost-guide,1024,True,27,0,0,0,42c6a585a6541ed8d12613697952f055a662daed,34520565752
/guides/boise-cabinet-cost-guide,1366,True,27,0,0,0,42c6a585a6541ed8d12613697952f055a662daed,34520565752
/guides/boise-cabinet-cost-guide,1440,True,27,0,0,0,42c6a585a6541ed8d12613697952f055a662daed,34520565752
/guides/boise-cabinet-cost-guide,1920,True,27,0,0,0,42c6a585a6541ed8d12613697952f055a662daed,34520565752
/guides/boise-kitchen-cabinet-guide,320,True,27,0,0,0,42c6a585a6541ed8d12613697952f055a662daed,34520565752
/guides/boise-kitchen-cabinet-guide,390,True,27,0,0,0,42c6a585a6541ed8d12613697952f055a662daed,34520565752
/guides/boise-kitchen-cabinet-guide,430,True,27,0,0,0,42c6a585a6541ed8d12613697952f055a662daed,34520565752
/guides/boise-kitchen-cabinet-guide,600,True,27,0,0,0,42c6a585a6541ed8d12613697952f055a662daed,34520565752
/guides/boise-kitchen-cabinet-guide,768,True,27,0,0,0,42c6a585a6541ed8d12613697952f055a662daed,34520565752
/guides/boise-kitchen-cabinet-guide,1024,True,27,0,0,0,42c6a585a6541ed8d12613697952f055a662daed,34520565752
/guides/boise-kitchen-cabinet-guide,1366,True,27,0,0,0,42c6a585a6541ed8d12613697952f055a662daed,34520565752
/guides/boise-kitchen-cabinet-guide,1440,True,27,0,0,0,42c6a585a6541ed8d12613697952f055a662daed,34520565752
/guides/boise-kitchen-cabinet-guide,1920,True,27,0,0,0,42c6a585a6541ed8d12613697952f055a662daed,34520565752
/guides/built-in-cabinet-guide,320,True,10,0,0,0,42c6a585a6541ed8d12613697952f055a662daed,34520565752
/guides/built-in-cabinet-guide,390,True,10,0,0,0,42c6a585a6541ed8d12613697952f055a662daed,34520565752
/guides/built-in-cabinet-guide,430,True,10,0,0,0,42c6a585a6541ed8d12613697952f055a662daed,34520565752
/guides/built-in-cabinet-guide,600,True,10,0,0,0,42c6a585a6541ed8d12613697952f055a662daed,34520565752
/guides/built-in-cabinet-guide,768,True,10,0,0,0,42c6a585a6541ed8d12613697952f055a662daed,34520565752
/guides/built-in-cabinet-guide,1024,True,10,0,0,0,42c6a585a6541ed8d12613697952f055a662daed,34520565752
/guides/built-in-cabinet-guide,1366,True,10,0,0,0,42c6a585a6541ed8d12613697952f055a662daed,34520565752
/guides/built-in-cabinet-guide,1440,True,10,0,0,0,42c6a585a6541ed8d12613697952f055a662daed,34520565752
/guides/built-in-cabinet-guide,1920,True,10,0,0,0,42c6a585a6541ed8d12613697952f055a662daed,34520565752
/guides/cabinet-project-process-guide,320,True,10,0,0,0,42c6a585a6541ed8d12613697952f055a662daed,34520565752
/guides/cabinet-project-process-guide,390,True,10,0,0,0,42c6a585a6541ed8d12613697952f055a662daed,34520565752
/guides/cabinet-project-process-guide,430,True,10,0,0,0,42c6a585a6541ed8d12613697952f055a662daed,34520565752
/guides/cabinet-project-process-guide,600,True,10,0,0,0,42c6a585a6541ed8d12613697952f055a662daed,34520565752
/guides/cabinet-project-process-guide,768,True,10,0,0,0,42c6a585a6541ed8d12613697952f055a662daed,34520565752
/guides/cabinet-project-process-guide,1024,True,10,0,0,0,42c6a585a6541ed8d12613697952f055a662daed,34520565752
/guides/cabinet-project-process-guide,1366,True,10,0,0,0,42c6a585a6541ed8d12613697952f055a662daed,34520565752
/guides/cabinet-project-process-guide,1440,True,10,0,0,0,42c6a585a6541ed8d12613697952f055a662daed,34520565752
/guides/cabinet-project-process-guide,1920,True,10,0,0,0,42c6a585a6541ed8d12613697952f055a662daed,34520565752
/guides/cabinet-roi-guide-boise,320,True,10,0,0,0,42c6a585a6541ed8d12613697952f055a662daed,34520565752
/guides/cabinet-roi-guide-boise,390,True,10,0,0,0,42c6a585a6541ed8d12613697952f055a662daed,34520565752
/guides/cabinet-roi-guide-boise,430,True,10,0,0,0,42c6a585a6541ed8d12613697952f055a662daed,34520565752
/guides/cabinet-roi-guide-boise,600,True,10,0,0,0,42c6a585a6541ed8d12613697952f055a662daed,34520565752
/guides/cabinet-roi-guide-boise,768,True,10,0,0,0,42c6a585a6541ed8d12613697952f055a662daed,34520565752
/guides/cabinet-roi-guide-boise,1024,True,10,0,0,0,42c6a585a6541ed8d12613697952f055a662daed,34520565752
/guides/cabinet-roi-guide-boise,1366,True,10,0,0,0,42c6a585a6541ed8d12613697952f055a662daed,34520565752
/guides/cabinet-roi-guide-boise,1440,True,10,0,0,0,42c6a585a6541ed8d12613697952f055a662daed,34520565752
/guides/cabinet-roi-guide-boise,1920,True,10,0,0,0,42c6a585a6541ed8d12613697952f055a662daed,34520565752
/guides/choose-cabinet-company-boise,320,True,10,0,0,0,42c6a585a6541ed8d12613697952f055a662daed,34520565752
/guides/choose-cabinet-company-boise,390,True,10,0,0,0,42c6a585a6541ed8d12613697952f055a662daed,34520565752
/guides/choose-cabinet-company-boise,430,True,10,0,0,0,42c6a585a6541ed8d12613697952f055a662daed,34520565752
/guides/choose-cabinet-company-boise,600,True,10,0,0,0,42c6a585a6541ed8d12613697952f055a662daed,34520565752
/guides/choose-cabinet-company-boise,768,True,10,0,0,0,42c6a585a6541ed8d12613697952f055a662daed,34520565752
/guides/choose-cabinet-company-boise,1024,True,10,0,0,0,42c6a585a6541ed8d12613697952f055a662daed,34520565752
/guides/choose-cabinet-company-boise,1366,True,10,0,0,0,42c6a585a6541ed8d12613697952f055a662daed,34520565752
/guides/choose-cabinet-company-boise,1440,True,10,0,0,0,42c6a585a6541ed8d12613697952f055a662daed,34520565752
/guides/choose-cabinet-company-boise,1920,True,10,0,0,0,42c6a585a6541ed8d12613697952f055a662daed,34520565752
/guides/treasure-valley-cabinet-guide,320,True,10,0,0,0,42c6a585a6541ed8d12613697952f055a662daed,34520565752
/guides/treasure-valley-cabinet-guide,390,True,10,0,0,0,42c6a585a6541ed8d12613697952f055a662daed,34520565752
/guides/treasure-valley-cabinet-guide,430,True,10,0,0,0,42c6a585a6541ed8d12613697952f055a662daed,34520565752
/guides/treasure-valley-cabinet-guide,600,True,10,0,0,0,42c6a585a6541ed8d12613697952f055a662daed,34520565752
/guides/treasure-valley-cabinet-guide,768,True,10,0,0,0,42c6a585a6541ed8d12613697952f055a662daed,34520565752
/guides/treasure-valley-cabinet-guide,1024,True,10,0,0,0,42c6a585a6541ed8d12613697952f055a662daed,34520565752
/guides/treasure-valley-cabinet-guide,1366,True,10,0,0,0,42c6a585a6541ed8d12613697952f055a662daed,34520565752
/guides/treasure-valley-cabinet-guide,1440,True,10,0,0,0,42c6a585a6541ed8d12613697952f055a662daed,34520565752
/guides/treasure-valley-cabinet-guide,1920,True,10,0,0,0,42c6a585a6541ed8d12613697952f055a662daed,34520565752
/guides/whole-home-cabinetry-guide,320,True,10,0,0,0,42c6a585a6541ed8d12613697952f055a662daed,34520565752
/guides/whole-home-cabinetry-guide,390,True,10,0,0,0,42c6a585a6541ed8d12613697952f055a662daed,34520565752
/guides/whole-home-cabinetry-guide,430,True,10,0,0,0,42c6a585a6541ed8d12613697952f055a662daed,34520565752
/guides/whole-home-cabinetry-guide,600,True,10,0,0,0,42c6a585a6541ed8d12613697952f055a662daed,34520565752
/guides/whole-home-cabinetry-guide,768,True,10,0,0,0,42c6a585a6541ed8d12613697952f055a662daed,34520565752
/guides/whole-home-cabinetry-guide,1024,True,10,0,0,0,42c6a585a6541ed8d12613697952f055a662daed,34520565752
/guides/whole-home-cabinetry-guide,1366,True,10,0,0,0,42c6a585a6541ed8d12613697952f055a662daed,34520565752
/guides/whole-home-cabinetry-guide,1440,True,10,0,0,0,42c6a585a6541ed8d12613697952f055a662daed,34520565752
/guides/whole-home-cabinetry-guide,1920,True,10,0,0,0,42c6a585a6541ed8d12613697952f055a662daed,34520565752
/locations/boise,320,True,5,0,0,0,42c6a585a6541ed8d12613697952f055a662daed,34520565752
/locations/boise,390,True,5,0,0,0,42c6a585a6541ed8d12613697952f055a662daed,34520565752
/locations/boise,430,True,5,0,0,0,42c6a585a6541ed8d12613697952f055a662daed,34520565752
/locations/boise,600,True,5,0,0,0,42c6a585a6541ed8d12613697952f055a662daed,34520565752
/locations/boise,768,True,5,0,0,0,42c6a585a6541ed8d12613697952f055a662daed,34520565752
/locations/boise,1024,True,5,0,0,0,42c6a585a6541ed8d12613697952f055a662daed,34520565752
/locations/boise,1366,True,5,0,0,0,42c6a585a6541ed8d12613697952f055a662daed,34520565752
/locations/boise,1440,True,5,0,0,0,42c6a585a6541ed8d12613697952f055a662daed,34520565752
/locations/boise,1920,True,5,0,0,0,42c6a585a6541ed8d12613697952f055a662daed,34520565752
/locations/caldwell,320,True,3,0,0,0,42c6a585a6541ed8d12613697952f055a662daed,34520565752
/locations/caldwell,390,True,3,0,0,0,42c6a585a6541ed8d12613697952f055a662daed,34520565752
/locations/caldwell,430,True,3,0,0,0,42c6a585a6541ed8d12613697952f055a662daed,34520565752
/locations/caldwell,600,True,3,0,0,0,42c6a585a6541ed8d12613697952f055a662daed,34520565752
/locations/caldwell,768,True,3,0,0,0,42c6a585a6541ed8d12613697952f055a662daed,34520565752
/locations/caldwell,1024,True,3,0,0,0,42c6a585a6541ed8d12613697952f055a662daed,34520565752
/locations/caldwell,1366,True,3,0,0,0,42c6a585a6541ed8d12613697952f055a662daed,34520565752
/locations/caldwell,1440,True,3,0,0,0,42c6a585a6541ed8d12613697952f055a662daed,34520565752
/locations/caldwell,1920,True,3,0,0,0,42c6a585a6541ed8d12613697952f055a662daed,34520565752
/locations/eagle,320,True,4,0,0,0,42c6a585a6541ed8d12613697952f055a662daed,34520565752
/locations/eagle,390,True,4,0,0,0,42c6a585a6541ed8d12613697952f055a662daed,34520565752
/locations/eagle,430,True,4,0,0,0,42c6a585a6541ed8d12613697952f055a662daed,34520565752
/locations/eagle,600,True,4,0,0,0,42c6a585a6541ed8d12613697952f055a662daed,34520565752
/locations/eagle,768,True,4,0,0,0,42c6a585a6541ed8d12613697952f055a662daed,34520565752
/locations/eagle,1024,True,4,0,0,0,42c6a585a6541ed8d12613697952f055a662daed,34520565752
/locations/eagle,1366,True,4,0,0,0,42c6a585a6541ed8d12613697952f055a662daed,34520565752
/locations/eagle,1440,True,4,0,0,0,42c6a585a6541ed8d12613697952f055a662daed,34520565752
/locations/eagle,1920,True,4,0,0,0,42c6a585a6541ed8d12613697952f055a662daed,34520565752
/locations/kuna,320,True,3,0,0,0,42c6a585a6541ed8d12613697952f055a662daed,34520565752
/locations/kuna,390,True,3,0,0,0,42c6a585a6541ed8d12613697952f055a662daed,34520565752
/locations/kuna,430,True,3,0,0,0,42c6a585a6541ed8d12613697952f055a662daed,34520565752
/locations/kuna,600,True,3,0,0,0,42c6a585a6541ed8d12613697952f055a662daed,34520565752
/locations/kuna,768,True,3,0,0,0,42c6a585a6541ed8d12613697952f055a662daed,34520565752
/locations/kuna,1024,True,3,0,0,0,42c6a585a6541ed8d12613697952f055a662daed,34520565752
/locations/kuna,1366,True,3,0,0,0,42c6a585a6541ed8d12613697952f055a662daed,34520565752
/locations/kuna,1440,True,3,0,0,0,42c6a585a6541ed8d12613697952f055a662daed,34520565752
/locations/kuna,1920,True,3,0,0,0,42c6a585a6541ed8d12613697952f055a662daed,34520565752
/locations/meridian,320,True,5,0,0,0,42c6a585a6541ed8d12613697952f055a662daed,34520565752
/locations/meridian,390,True,5,0,0,0,42c6a585a6541ed8d12613697952f055a662daed,34520565752
/locations/meridian,430,True,5,0,0,0,42c6a585a6541ed8d12613697952f055a662daed,34520565752
/locations/meridian,600,True,5,0,0,0,42c6a585a6541ed8d12613697952f055a662daed,34520565752
/locations/meridian,768,True,5,0,0,0,42c6a585a6541ed8d12613697952f055a662daed,34520565752
/locations/meridian,1024,True,5,0,0,0,42c6a585a6541ed8d12613697952f055a662daed,34520565752
/locations/meridian,1366,True,5,0,0,0,42c6a585a6541ed8d12613697952f055a662daed,34520565752
/locations/meridian,1440,True,5,0,0,0,42c6a585a6541ed8d12613697952f055a662daed,34520565752
/locations/meridian,1920,True,5,0,0,0,42c6a585a6541ed8d12613697952f055a662daed,34520565752
/locations/middleton,320,True,3,0,0,0,42c6a585a6541ed8d12613697952f055a662daed,34520565752
/locations/middleton,390,True,3,0,0,0,42c6a585a6541ed8d12613697952f055a662daed,34520565752
/locations/middleton,430,True,3,0,0,0,42c6a585a6541ed8d12613697952f055a662daed,34520565752
/locations/middleton,600,True,3,0,0,0,42c6a585a6541ed8d12613697952f055a662daed,34520565752
/locations/middleton,768,True,3,0,0,0,42c6a585a6541ed8d12613697952f055a662daed,34520565752
/locations/middleton,1024,True,3,0,0,0,42c6a585a6541ed8d12613697952f055a662daed,34520565752
/locations/middleton,1366,True,3,0,0,0,42c6a585a6541ed8d12613697952f055a662daed,34520565752
/locations/middleton,1440,True,3,0,0,0,42c6a585a6541ed8d12613697952f055a662daed,34520565752
/locations/middleton,1920,True,3,0,0,0,42c6a585a6541ed8d12613697952f055a662daed,34520565752
/locations/nampa,320,True,4,0,0,0,42c6a585a6541ed8d12613697952f055a662daed,34520565752
/locations/nampa,390,True,4,0,0,0,42c6a585a6541ed8d12613697952f055a662daed,34520565752
/locations/nampa,430,True,4,0,0,0,42c6a585a6541ed8d12613697952f055a662daed,34520565752
/locations/nampa,600,True,4,0,0,0,42c6a585a6541ed8d12613697952f055a662daed,34520565752
/locations/nampa,768,True,4,0,0,0,42c6a585a6541ed8d12613697952f055a662daed,34520565752
/locations/nampa,1024,True,4,0,0,0,42c6a585a6541ed8d12613697952f055a662daed,34520565752
/locations/nampa,1366,True,4,0,0,0,42c6a585a6541ed8d12613697952f055a662daed,34520565752
/locations/nampa,1440,True,4,0,0,0,42c6a585a6541ed8d12613697952f055a662daed,34520565752
/locations/nampa,1920,True,4,0,0,0,42c6a585a6541ed8d12613697952f055a662daed,34520565752
/locations/star,320,True,3,0,0,0,42c6a585a6541ed8d12613697952f055a662daed,34520565752
/locations/star,390,True,3,0,0,0,42c6a585a6541ed8d12613697952f055a662daed,34520565752
/locations/star,430,True,3,0,0,0,42c6a585a6541ed8d12613697952f055a662daed,34520565752
/locations/star,600,True,3,0,0,0,42c6a585a6541ed8d12613697952f055a662daed,34520565752
/locations/star,768,True,3,0,0,0,42c6a585a6541ed8d12613697952f055a662daed,34520565752
/locations/star,1024,True,3,0,0,0,42c6a585a6541ed8d12613697952f055a662daed,34520565752
/locations/star,1366,True,3,0,0,0,42c6a585a6541ed8d12613697952f055a662daed,34520565752
/locations/star,1440,True,3,0,0,0,42c6a585a6541ed8d12613697952f055a662daed,34520565752
/locations/star,1920,True,3,0,0,0,42c6a585a6541ed8d12613697952f055a662daed,34520565752
/portal,320,True,0,0,0,0,42c6a585a6541ed8d12613697952f055a662daed,34520565752
/portal,390,True,0,0,0,0,42c6a585a6541ed8d12613697952f055a662daed,34520565752
/portal,430,True,0,0,0,0,42c6a585a6541ed8d12613697952f055a662daed,34520565752
/portal,600,True,0,0,0,0,42c6a585a6541ed8d12613697952f055a662daed,34520565752
/portal,768,True,0,0,0,0,42c6a585a6541ed8d12613697952f055a662daed,34520565752
/portal,1024,True,0,0,0,0,42c6a585a6541ed8d12613697952f055a662daed,34520565752
/portal,1366,True,0,0,0,0,42c6a585a6541ed8d12613697952f055a662daed,34520565752
/portal,1440,True,0,0,0,0,42c6a585a6541ed8d12613697952f055a662daed,34520565752
/portal,1920,True,0,0,0,0,42c6a585a6541ed8d12613697952f055a662daed,34520565752
/privacy-policy,320,True,2,0,0,0,42c6a585a6541ed8d12613697952f055a662daed,34520565752
/privacy-policy,390,True,2,0,0,0,42c6a585a6541ed8d12613697952f055a662daed,34520565752
/privacy-policy,430,True,2,0,0,0,42c6a585a6541ed8d12613697952f055a662daed,34520565752
/privacy-policy,600,True,2,0,0,0,42c6a585a6541ed8d12613697952f055a662daed,34520565752
/privacy-policy,768,True,2,0,0,0,42c6a585a6541ed8d12613697952f055a662daed,34520565752
/privacy-policy,1024,True,2,0,0,0,42c6a585a6541ed8d12613697952f055a662daed,34520565752
/privacy-policy,1366,True,2,0,0,0,42c6a585a6541ed8d12613697952f055a662daed,34520565752
/privacy-policy,1440,True,2,0,0,0,42c6a585a6541ed8d12613697952f055a662daed,34520565752
/privacy-policy,1920,True,2,0,0,0,42c6a585a6541ed8d12613697952f055a662daed,34520565752
/resources,320,True,2,0,0,0,42c6a585a6541ed8d12613697952f055a662daed,34520565752
/resources,390,True,2,0,0,0,42c6a585a6541ed8d12613697952f055a662daed,34520565752
/resources,430,True,2,0,0,0,42c6a585a6541ed8d12613697952f055a662daed,34520565752
/resources,600,True,2,0,0,0,42c6a585a6541ed8d12613697952f055a662daed,34520565752
/resources,768,True,2,0,0,0,42c6a585a6541ed8d12613697952f055a662daed,34520565752
/resources,1024,True,2,0,0,0,42c6a585a6541ed8d12613697952f055a662daed,34520565752
/resources,1366,True,2,0,0,0,42c6a585a6541ed8d12613697952f055a662daed,34520565752
/resources,1440,True,2,0,0,0,42c6a585a6541ed8d12613697952f055a662daed,34520565752
/resources,1920,True,2,0,0,0,42c6a585a6541ed8d12613697952f055a662daed,34520565752
/resources/ada-canyon-permit-flow,320,True,2,0,0,0,42c6a585a6541ed8d12613697952f055a662daed,34520565752
/resources/ada-canyon-permit-flow,390,True,2,0,0,0,42c6a585a6541ed8d12613697952f055a662daed,34520565752
/resources/ada-canyon-permit-flow,430,True,2,0,0,0,42c6a585a6541ed8d12613697952f055a662daed,34520565752
/resources/ada-canyon-permit-flow,600,True,2,0,0,0,42c6a585a6541ed8d12613697952f055a662daed,34520565752
/resources/ada-canyon-permit-flow,768,True,2,0,0,0,42c6a585a6541ed8d12613697952f055a662daed,34520565752
/resources/ada-canyon-permit-flow,1024,True,2,0,0,0,42c6a585a6541ed8d12613697952f055a662daed,34520565752
/resources/ada-canyon-permit-flow,1366,True,2,0,0,0,42c6a585a6541ed8d12613697952f055a662daed,34520565752
/resources/ada-canyon-permit-flow,1440,True,2,0,0,0,42c6a585a6541ed8d12613697952f055a662daed,34520565752
/resources/ada-canyon-permit-flow,1920,True,2,0,0,0,42c6a585a6541ed8d12613697952f055a662daed,34520565752
/search,320,True,42,0,0,0,42c6a585a6541ed8d12613697952f055a662daed,34520565752
/search,390,True,42,0,0,0,42c6a585a6541ed8d12613697952f055a662daed,34520565752
/search,430,True,42,0,0,0,42c6a585a6541ed8d12613697952f055a662daed,34520565752
/search,600,True,42,0,0,0,42c6a585a6541ed8d12613697952f055a662daed,34520565752
/search,768,True,42,0,0,0,42c6a585a6541ed8d12613697952f055a662daed,34520565752
/search,1024,True,42,0,0,0,42c6a585a6541ed8d12613697952f055a662daed,34520565752
/search,1366,True,42,0,0,0,42c6a585a6541ed8d12613697952f055a662daed,34520565752
/search,1440,True,42,0,0,0,42c6a585a6541ed8d12613697952f055a662daed,34520565752
/search,1920,True,42,0,0,0,42c6a585a6541ed8d12613697952f055a662daed,34520565752
/services/cabinet-installation,320,True,4,0,0,0,42c6a585a6541ed8d12613697952f055a662daed,34520565752
/services/cabinet-installation,390,True,4,0,0,0,42c6a585a6541ed8d12613697952f055a662daed,34520565752
/services/cabinet-installation,430,True,4,0,0,0,42c6a585a6541ed8d12613697952f055a662daed,34520565752
/services/cabinet-installation,600,True,4,0,0,0,42c6a585a6541ed8d12613697952f055a662daed,34520565752
/services/cabinet-installation,768,True,4,0,0,0,42c6a585a6541ed8d12613697952f055a662daed,34520565752
/services/cabinet-installation,1024,True,4,0,0,0,42c6a585a6541ed8d12613697952f055a662daed,34520565752
/services/cabinet-installation,1366,True,4,0,0,0,42c6a585a6541ed8d12613697952f055a662daed,34520565752
/services/cabinet-installation,1440,True,4,0,0,0,42c6a585a6541ed8d12613697952f055a662daed,34520565752
/services/cabinet-installation,1920,True,4,0,0,0,42c6a585a6541ed8d12613697952f055a662daed,34520565752
/shaker-cabinets,320,True,7,0,0,0,42c6a585a6541ed8d12613697952f055a662daed,34520565752
/shaker-cabinets,390,True,7,0,0,0,42c6a585a6541ed8d12613697952f055a662daed,34520565752
/shaker-cabinets,430,True,7,0,0,0,42c6a585a6541ed8d12613697952f055a662daed,34520565752
/shaker-cabinets,600,True,7,0,0,0,42c6a585a6541ed8d12613697952f055a662daed,34520565752
/shaker-cabinets,768,True,7,0,0,0,42c6a585a6541ed8d12613697952f055a662daed,34520565752
/shaker-cabinets,1024,True,7,0,0,0,42c6a585a6541ed8d12613697952f055a662daed,34520565752
/shaker-cabinets,1366,True,7,0,0,0,42c6a585a6541ed8d12613697952f055a662daed,34520565752
/shaker-cabinets,1440,True,7,0,0,0,42c6a585a6541ed8d12613697952f055a662daed,34520565752
/shaker-cabinets,1920,True,7,0,0,0,42c6a585a6541ed8d12613697952f055a662daed,34520565752
/sitemap,320,True,2,0,0,0,42c6a585a6541ed8d12613697952f055a662daed,34520565752
/sitemap,390,True,2,0,0,0,42c6a585a6541ed8d12613697952f055a662daed,34520565752
/sitemap,430,True,2,0,0,0,42c6a585a6541ed8d12613697952f055a662daed,34520565752
/sitemap,600,True,2,0,0,0,42c6a585a6541ed8d12613697952f055a662daed,34520565752
/sitemap,768,True,2,0,0,0,42c6a585a6541ed8d12613697952f055a662daed,34520565752
/sitemap,1024,True,2,0,0,0,42c6a585a6541ed8d12613697952f055a662daed,34520565752
/sitemap,1366,True,2,0,0,0,42c6a585a6541ed8d12613697952f055a662daed,34520565752
/sitemap,1440,True,2,0,0,0,42c6a585a6541ed8d12613697952f055a662daed,34520565752
/sitemap,1920,True,2,0,0,0,42c6a585a6541ed8d12613697952f055a662daed,34520565752
/terms-of-service,320,True,2,0,0,0,42c6a585a6541ed8d12613697952f055a662daed,34520565752
/terms-of-service,390,True,2,0,0,0,42c6a585a6541ed8d12613697952f055a662daed,34520565752
/terms-of-service,430,True,2,0,0,0,42c6a585a6541ed8d12613697952f055a662daed,34520565752
/terms-of-service,600,True,2,0,0,0,42c6a585a6541ed8d12613697952f055a662daed,34520565752
/terms-of-service,768,True,2,0,0,0,42c6a585a6541ed8d12613697952f055a662daed,34520565752
/terms-of-service,1024,True,2,0,0,0,42c6a585a6541ed8d12613697952f055a662daed,34520565752
/terms-of-service,1366,True,2,0,0,0,42c6a585a6541ed8d12613697952f055a662daed,34520565752
/terms-of-service,1440,True,2,0,0,0,42c6a585a6541ed8d12613697952f055a662daed,34520565752
/terms-of-service,1920,True,2,0,0,0,42c6a585a6541ed8d12613697952f055a662daed,34520565752
/testimonials,320,True,12,0,0,0,42c6a585a6541ed8d12613697952f055a662daed,34520565752
/testimonials,390,True,12,0,0,0,42c6a585a6541ed8d12613697952f055a662daed,34520565752
/testimonials,430,True,12,0,0,0,42c6a585a6541ed8d12613697952f055a662daed,34520565752
/testimonials,600,True,12,0,0,0,42c6a585a6541ed8d12613697952f055a662daed,34520565752
/testimonials,768,True,12,0,0,0,42c6a585a6541ed8d12613697952f055a662daed,34520565752
/testimonials,1024,True,12,0,0,0,42c6a585a6541ed8d12613697952f055a662daed,34520565752
/testimonials,1366,True,12,0,0,0,42c6a585a6541ed8d12613697952f055a662daed,34520565752
/testimonials,1440,True,12,0,0,0,42c6a585a6541ed8d12613697952f055a662daed,34520565752
/testimonials,1920,True,12,0,0,0,42c6a585a6541ed8d12613697952f055a662daed,34520565752
/warranty,320,True,3,0,0,0,42c6a585a6541ed8d12613697952f055a662daed,34520565752
/warranty,390,True,3,0,0,0,42c6a585a6541ed8d12613697952f055a662daed,34520565752
/warranty,430,True,3,0,0,0,42c6a585a6541ed8d12613697952f055a662daed,34520565752
/warranty,600,True,3,0,0,0,42c6a585a6541ed8d12613697952f055a662daed,34520565752
/warranty,768,True,3,0,0,0,42c6a585a6541ed8d12613697952f055a662daed,34520565752
/warranty,1024,True,3,0,0,0,42c6a585a6541ed8d12613697952f055a662daed,34520565752
/warranty,1366,True,3,0,0,0,42c6a585a6541ed8d12613697952f055a662daed,34520565752
/warranty,1440,True,3,0,0,0,42c6a585a6541ed8d12613697952f055a662daed,34520565752
/warranty,1920,True,3,0,0,0,42c6a585a6541ed8d12613697952f055a662daed,34520565752
